X1,X2,X3,X4,X5,X6,X7,X8,Y1,Y2,Y3
0.10294,1,0.0115522,6.2,0.005,3.5,10.9426,0.00196168,3.14482,21.3215,4.0303
0.001,0.94,0.0001,6.2,0.005,3.5,11.7288,0.00284791,3.28428,13.8008,1.94162
0.001,0.82,0.0001,6.2,0.005,3.5,12.424,0.00576168,3.28808,12.0263,1.30092
0.001,0.7,0.0001,6.2,0.005,3.5,10.2735,0.00137391,3.28866,11.152,1.39649
0.001,0.82,0.0001,6.2,0.005,3.5,15,0.00622302,3.28805,10.0798,1.14284
0.001,0.7,0.0001,6.2,0.005,3.5,15.5318,0.00741651,3.29011,9.59529,1.10822
0.236791,0.711632,0.0582134,6.2,0.0651749,3.5,5,0.0135338,4.15634,9.48292,1.17565
0.001,0.7,0.0001,6.2,0.0061728,3.5,15,0.0047569,3.30817,9.16536,1.1078
0.0031404,0.94,0.0001,6.2,0.005,3.5,20.9426,0.00576168,3.2806,10.1059,2.37221
0.18162,0.906334,0.0001,6.2,0.0389092,3.5,26.3148,0.0114899,3.77406,12.196,4.81625
0.001,0.745147,0.0001,6.2,0.0451728,3.5,5,0.00386032,3.90804,8.04749,0.703585
0.001,0.81389,0.0001,6.2,0.005,3.5,15.3495,0.00132841,3.28902,9.06117,1.81409
0.001,0.797555,0.0001,6.2,0.005,3.5,15.9,0.00137391,3.28914,9.33272,2.14304
0.001,0.88,0.0001,6.2,0.005,3.5,16.2384,0.00956168,3.2861,8.61694,1.45369
0.001,0.75389,0.0001,6.2,0.005,3.5,8.28772,0.0048,3.29266,7.60163,0.565094
0.001,0.879952,0.0001,6.2,0.005,3.5,18.7058,0.00339962,3.28688,9.38847,2.42927
0.001,0.73718,0.000420955,6.2,0.010485,3.5,36.3353,0.0062,3.373,9.39311,2.5045
0.001,0.76,0.0001,6.2,0.00638484,3.5,15.0322,0.010023,3.31043,7.83555,1.28183
0.001,0.82,0.0001,6.2,0.005,3.5,20.9426,0.00576168,3.28839,8.8689,2.31938
0.001,0.877664,0.0173617,6.2,0.005,3.5,33.3548,0.00832074,3.26985,8.615,2.11883
0.001,0.88,0.0001,6.2,0.005,3.5,30.9426,0.00196168,3.28694,8.71946,2.23849
0.01131,0.85718,0.000108002,6.2,0.005,3.5,21.5936,0.0138,3.2822,8.87319,2.64179
0.001,0.82,0.00080867,6.2,0.0178667,3.5,34.9708,0.0062,3.48184,9.53978,3.31867
0.001,0.75389,0.0001,6.2,0.005,3.5,20.2735,0.00512841,3.29023,8.33529,2.39005
0.001,0.88,0.0001,6.2,0.005,3.5,20.2393,0.0152356,3.2865,7.43849,1.52997
0.001,0.7,0.0001,6.2,0.005,3.5,18.2927,0.0123569,3.2905,6.76329,1.04712
0.001,0.76,0.0001,6.2,0.005,3.5,5,0.00473788,3.2922,6.12395,0.563781
0.0121366,0.88,0.0001,6.2,0.005,3.5,24.9708,0.01,3.28065,8.07706,2.73083
0.001,0.76,0.0001,6.2,0.005,3.5,5.90003,0.00517391,3.29219,5.69316,0.439214
0.001,0.877561,0.0001,6.2,0.005,3.5,32.4899,0.0128591,3.28684,7.4755,2.33668
0.001,0.939952,0.0001,6.2,0.005,3.5,28.7058,0.00251328,3.28387,7.53878,2.40293
0.001,0.88,0.0001,6.2,0.005,3.5,22.424,0.00956168,3.28655,7.24839,2.29681
0.001,0.82,0.0001,6.2,0.005,3.5,21.2681,0.0190356,3.28834,5.79254,1.11977
0.001,0.817561,0.0001,6.2,0.005,3.5,22.4899,0.0129933,3.28876,6.26239,1.60865
0.001,0.94,0.0001,6.2,0.005,3.5,30.2393,0.0114356,3.28411,6.76671,2.25329
0.001,0.7,0.0001,6.2,0.005,3.5,19.1385,0.0162,3.29041,5.03623,0.94387
0.0017466,0.7,0.000501642,6.2,0.005,3.5,26.3353,0.00954921,3.2897,5.81139,1.73801
0.001,0.82,0.0001,6.2,0.005,3.5,26.2384,0.0133617,3.28851,4.54951,1.61485
0.001,0.7,0.0001,6.2,0.005,3.5,24.7602,0.0124,3.29104,3.51058,1.42657
0.244958,0.7,0.0498093,6.2,0.055029,3.53949,5,0.0112456,3.98895,10.6593,0.0513533
0.0244185,0.774928,0.000739587,6.2,0.0168992,3.55246,16.8436,0.001,3.4373,11.2597,2.85102
0.195214,0.701062,0.0487494,6.2,0.0571142,3.60898,5,0.0129052,3.98254,6.16909,0.968031
0.001,0.853342,0.0197153,6.2,0.0731188,3.82774,25.0896,0.0178752,4.12183,11.4967,4.44723
0.160623,0.918087,0.0001,6.2,0.116851,3.83857,30.588,0.0076356,4.73418,20.6693,7.74029
0.001,1,0.000388162,6.2,0.0388509,3.83857,30.588,0.0152356,3.62052,11.9945,4.03055
0.001,0.885098,0.00278814,6.2,0.0196214,4.25281,32.0651,0.0130939,3.17938,9.16799,2.88585
0.0105186,0.806407,0.0396953,6.2,0.112119,4.3684,30.1104,0.0157289,4.38129,17.5065,6.12726
0.250063,0.7,0.0442024,6.2,0.0834093,4.38845,5,0.0115463,3.97757,8.30856,1.3938
0.120854,0.84416,0.0001,6.2,0.0543725,4.44038,32.0607,0.0140092,3.57911,12.1826,4.70682
0.001,0.73718,0.0001,6.2,0.005,4.4692,21.5936,0.0062,2.91347,7.70167,1.78124
0.281262,0.7,0.0515374,6.2,0.0917326,4.51127,5,0.0120148,4.03336,8.88453,1.2642
0.314807,0.747004,0.0494089,6.2,0.0942518,4.54093,41.9267,0.00765684,4.04437,22.447,8.35318
0.115207,0.738528,0.00944894,6.2,0.0162518,4.65343,37.0833,0.00993159,2.99056,11.346,3.33275
0.248485,0.7,0.078299,6.2,0.0753924,4.88408,5,0.0100485,3.67027,13.1632,1.87054
0.220654,0.829677,0.0033665,6.2,0.0933725,4.95212,39.8016,0.0133822,3.8701,20.3349,7.15719
0.01,0.88,0.001,5,0.01,5,20,0.015,7.60391,18.80098,3.26282
0.01,0.88,0.001,5.7,0.01,5,20,0.015,5.52946,15.84947,2.13909
0.01,0.88,0.001,7,0.01,5,40,0.015,3.24479,10.1133,2.82563
0.01,0.88,0.001,7,0.01,5,20,0.015,3.24538,7.81319,1.92377
0.01,0.88,0.001,5.7,0.01,5,30,0.015,5.53237,6.54954,2.1984
0.01,0.88,0.001,7,0.01,5,30,0.015,3.24529,6.18122,2.25836
0.0845894,0.88,0.0001,6.2,0.005,5.07634,21.7288,0.001,2.72496,8.7392,2.45964
0.333958,0.7,0.0614298,6.2,0.0968003,5.1414,5,0.0115953,3.84424,9.2552,1.51268
0.00345578,0.88,0.0001,6.2,0.005,5.14451,25.195,0.00631328,2.71341,8.40147,2.09099
0.0995781,0.888661,0.0138094,6.2,0.0186023,5.20054,30.6268,0.00640157,2.83252,15.7002,3.5951
0.0864285,0.7,0.0495955,6.2,0.0752009,5.34733,5,0.0134828,3.51461,3.7326,0.421909
0.280354,0.7,0.0677451,6.2,0.0774413,5.35762,5,0.014714,3.52905,5.7974,0.406886
0.031418,0.82998,0.0165574,6.2,0.005,5.45775,39.6576,0.013682,2.62003,7.89665,2.1749
0.282043,0.7,0.0448443,6.2,0.080815,5.50809,5,0.0124221,3.52668,8.44984,0.962209
0.001,0.858653,0.0291483,6.2,0.005,5.53716,27.544,0.00894861,2.60952,7.14262,1.91836
0.0195748,0.81185,0.0246897,6.2,0.005,5.6456,39.0838,0.0139426,2.57944,6.75445,2.17714
0.0490096,0.876045,0.0154,6.2,0.005,5.64947,27.6456,0.0144859,2.56709,8.52841,2.63521
0.001,0.886223,0.0118931,6.2,0.005,5.68727,40.4704,0.011047,2.57549,7.77372,2.0715
0.001,0.880161,0.0039085,6.2,0.0397119,5.74568,27.1943,0.0174436,2.97793,6.71053,2.68283
0.384347,0.985669,0.0130661,6.2,0.155133,5.78048,22.4446,0.00552732,4.22271,28.5868,7.77568
0.303877,0.738937,0.0296736,6.2,0.0737294,5.78048,27.8851,0.00606665,3.35872,15.4553,4.70664
0.13294,0.700548,0.069884,6.2,0.0660332,5.80061,5,0.0128436,3.26496,7.69095,0.843511
0.320454,0.879532,0.0568661,6.2,0.0706838,5.83091,36.9556,0.0101116,3.25969,19.2628,6.6969
0.226196,0.7,0.047504,6.2,0.0876134,5.84128,5,0.0132372,3.50719,7.68368,0.830689
0.001,0.880729,0.0001,6.2,0.00951004,5.98433,35.8659,0.00910339,2.57021,7.85171,2.08761
0.0989374,0.870469,0.00786969,6.2,0.105873,6.00548,40.6196,0.0113634,3.65728,19.7404,7.14531
0.264476,0.7,0.0545117,6.2,0.0616363,6.01771,5,0.010998,3.15509,14.1563,1.30192
0.28142,0.921351,0.0001,6.2,0.0774148,6.04807,32.4664,0.0122185,3.32773,14.1898,5.0422
0.001,0.872463,0.0147311,6.2,0.005,6.0881,31.39,0.00879384,2.49091,6.3337,1.95917
0.001,0.83555,0.0001,6.2,0.0668729,6.11488,43.6498,0.0103025,3.20582,15.3935,4.42953
0.123163,0.892089,0.0352877,6.2,0.130006,6.12984,34.0557,0.00960374,3.87216,21.3487,7.40104
0.297037,0.7,0.0624056,6.2,0.0850771,6.16085,5,0.012363,3.38545,10.6652,1.35588
0.0154066,0.798528,0.0001,6.2,0.005,6.18262,34.588,0.00960356,2.47654,7.18983,1.83822
0.001,0.837183,0.0001,6.2,0.0278729,6.19187,41.4106,0.00820519,2.73734,12.2453,3.124
0.197237,0.700906,0.069888,6.2,0.0909956,6.2355,5,0.0102435,3.43723,12.3503,1.52538
0.242856,0.700872,0.0579434,6.2,0.0636692,6.28871,5,0.0122378,3.10963,12.3167,1.11835
0.0122274,0.827993,0.0298277,6.2,0.005,6.3126,35.1268,0.0103719,2.44049,6.94988,2.24655
0.207036,0.701926,0.075531,6.2,0.0697967,6.36986,5,0.0134421,3.15785,9.54654,0.638032
0.103256,0.82,0.0001,6.2,0.005,6.37369,15.195,0.00251328,2.43691,14.6845,2.5653
0.168276,0.930469,0.0278497,6.2,0.144873,6.38343,35.632,0.0110082,3.94541,23.3946,8.54378
0.00833929,0.79718,0.000423741,6.2,0.005,6.39862,31.5936,0.0024,2.43421,9.27534,2.00816
0.001,0.875238,0.0122932,6.2,0.005,6.43369,30.4889,0.0109751,2.42383,3.9906,2.08652
0.014967,0.819672,0.0001,6.2,0.005,6.47974,28.6762,0.017688,2.41907,3.8122,1.63042
0.001,0.855486,0.0323062,6.2,0.0453589,6.49271,43.9674,0.0138311,2.86241,12.9919,3.77837
0.0390205,0.86448,0.0165935,6.2,0.0172775,6.5182,39.1849,0.0113575,2.53253,11.0087,3.1147
0.192773,0.7,0.057899,6.2,0.0569432,6.55604,5,0.0118943,2.97298,10.7174,1.11068
0.163195,0.7,0.0623394,6.2,0.0594867,6.56111,5,0.0151127,2.99847,4.46285,0.394574
0.163806,0.703233,0.0695326,6.2,0.0633368,6.58699,5,0.0130466,3.03594,9.577,0.967262
0.001,0.91612,0.0246831,6.2,0.005,6.6132,35.6349,0.00846915,2.38662,7.38736,1.95436
0.038773,0.874161,0.0001,6.2,0.0120109,6.63964,15,0.00596092,2.46466,17.1553,1.99998
0.030814,0.754161,0.0001,6.2,0.00570632,6.63964,8.98704,0.00596092,2.40027,11.8907,1.59921
0.245675,0.7,0.0457955,6.2,0.0830429,6.66385,5,0.0125092,3.23783,9.367,0.634078
0.0731812,0.702935,0.0631195,6.2,0.0606859,6.66635,5,0.0131751,2.9924,5.94788,0.517624
0.262856,0.7,0.0451888,6.2,0.108646,6.67913,5,0.0139807,3.51562,6.03654,0.375923
0.0150961,0.858143,0.0134561,6.2,0.013935,6.72316,36.9907,0.0130492,2.46311,8.00336,2.53662
0.222963,0.835099,0.0552677,6.2,0.12179,6.79361,39.6258,0.0101513,3.60188,20.9708,7.20909
0.001,0.868758,0.0324581,6.2,0.005,6.79516,34.5458,0.0105198,2.35742,6.23965,1.97224
0.208832,0.7,0.0351919,6.2,0.055978,6.80646,5,0.0127787,2.90896,9.79477,0.841095
0.276563,0.82489,0.0404773,6.2,0.116691,6.83888,37.3436,0.00934633,3.53862,21.1877,6.85189
0.146338,0.700734,0.0907447,6.2,0.0794206,6.85825,5,0.0139066,3.15106,8.30003,0.563649
0.202803,0.70197,0.0728372,6.2,0.0831658,6.89696,5,0.0123025,3.18367,12.006,1.11169
0.001,0.832185,0.0227636,6.2,0.005,6.89739,27.8519,0.0127486,2.34272,3.20134,1.61968
0.177852,0.790544,0.0327551,6.2,0.0776911,6.92837,38.5261,0.0131463,3.10856,16.3403,5.28663
0.0020538,0.88,0.00100218,6.2,0.00895528,7,44.9708,0.01,2.36874,8.86945,2.29098
0.01,0.88,0.001,6.2,0.01,7,35,0.01,2.37795,8.22205,2.60234
0.01,0.88,0.001,6.2,0.01,7,35,0.01,2.37795,7.18395,2.40141
0.03475,0.79794,0.0286945,6.2,0.005,7.02406,36.7764,0.0133253,2.31534,5.88262,1.92014
0.0829355,0.701213,0.0654,6.2,0.0745009,7.05869,9.17507,0.014127,3.05731,6.44513,0.232326
0.001,0.840286,0.0221349,6.2,0.005,7.09523,24.7601,0.00935606,2.30924,8.13208,1.99928
0.001,0.902862,0.00470314,6.2,0.005,7.18274,35.3304,0.00834857,2.29529,7.60744,2.02581
0.001,0.868168,0.0191343,6.2,0.005,7.214,32.6143,0.010157,2.2897,5.27733,2.02058
0.215358,0.7,0.0616552,6.2,0.0744703,7.22026,7.07,0.0100922,3.02221,14.6917,1.43683
0.420254,0.93493,0.0198354,6.2,0.207793,7.25247,54.9462,0.00655782,4.35365,31.819,12.5279
0.420254,0.939532,0.0768461,6.2,0.076133,7.25247,46.9556,0.00860434,2.96202,22.7156,7.28255
0.0324476,0.844424,0.0171373,6.2,0.005,7.28124,36.637,0.0141241,2.27191,7.34327,2.04814
0.001,0.864902,0.0239035,6.2,0.005,7.29742,35.2435,0.0115959,2.27672,4.38858,1.90941
0.112027,0.856126,0.02008,6.2,0.0126269,7.32906,45.1268,0.0112723,2.33677,12.5038,3.02155
0.11598,0.701284,0.0687506,6.2,0.0759845,7.33626,7.53508,0.0126022,3.01508,9.92303,0.589507
0.0956311,0.805147,0.00458528,6.2,0.0706108,7.34711,7.99807,0.00349235,2.9537,18.7608,2.78417
0.001,0.795786,0.0215944,6.2,0.005,7.35736,35.0233,0.0130781,2.26972,3.53569,1.8048
0.001,0.848992,0.0134801,6.2,0.0240641,7.35989,30.6369,0.00706807,2.46842,10.6283,2.61072
0.001,0.868654,0.0172193,6.2,0.005,7.43791,31.3332,0.0103671,2.25532,5.12523,1.87462
0.0818205,0.846334,0.02008,6.2,0.00913378,7.47689,27.2743,0.0100896,2.28108,9.01949,2.73229
0.0110503,0.842941,0.0114545,6.2,0.0197705,7.4943,34.9166,0.0121102,2.39769,7.96027,2.82138
0.001,0.880813,0.0148629,6.2,0.005,7.52456,33.4557,0.0107793,2.24217,6.48488,2.04228
0.001,0.844294,0.0160772,6.2,0.005,7.5424,32.745,0.00996007,2.24079,5.76025,1.87541
0.275199,0.7,0.0730451,6.2,0.0694276,7.55771,5,0.0124823,2.89957,12.2356,1.06067
0.00345578,0.88,0.0001,6.2,0.005,7.62705,5.19495,0.00428718,2.22928,14.8465,2.1673
0.241643,0.700327,0.0796407,6.2,0.06604,7.64429,5,0.0126924,2.84847,12.7359,1.04349
0.001,0.861818,0.0001,6.2,0.005,7.70994,31.9082,0.00913585,2.21913,5.10977,1.86072
0.001,0.842871,0.00767888,6.2,0.005,7.72487,32.9468,0.00988879,2.21497,5.56994,1.86468
0.0196153,0.86119,0.0154068,6.2,0.005,7.72965,35.1665,0.0158358,2.2071,3.96465,1.82172
0.0296456,0.845428,0.0193847,6.2,0.005,7.77237,33.4544,0.0137052,2.20027,6.7545,2.1946
0.0243164,0.849463,0.0191989,6.2,0.005,7.78913,34.2264,0.0164813,2.19806,3.55771,1.93403
0.0287408,0.850348,0.0170005,6.2,0.005,7.80279,33.2552,0.0177925,2.19623,2.38878,1.74369
0.0327184,0.848088,0.021949,6.2,0.005,7.82138,33.3232,0.0160028,2.19243,4.59295,2.10361
0.0780516,0.813589,0.0234649,6.2,0.0386911,7.83383,34.6482,0.0162518,2.53265,10.0801,3.70675
0.0308309,0.84375,0.0181263,6.2,0.005,7.84592,33.618,0.0146423,2.19022,6.77417,2.15258
0.0308309,0.84375,0.0181263,6.2,0.005,7.84592,33.618,0.0146423,2.19022,6.69846,2.19513
0.0308309,0.84375,0.0181263,6.2,0.005,7.84592,33.618,0.0146423,2.19022,6.59849,2.19122
0.143927,0.700769,0.0791528,6.2,0.0679145,7.84977,5,0.01391,2.83201,8.58016,0.729451
0.145875,0.7,0.0657755,6.2,0.0675258,7.86195,5,0.0134405,2.82682,10.5725,0.708361
0.001,0.860258,0.0372635,6.2,0.005,7.8852,32.1832,0.0101489,2.19022,6.28594,1.95758
0.0267194,0.851339,0.0202924,6.2,0.005,7.90854,33.1862,0.0164024,2.18107,4.22113,2.29431
0.0316563,0.846668,0.0189596,6.2,0.005,7.91406,33.5384,0.0167033,2.18046,4.12827,2.22755
0.0432071,0.864463,0.0231938,6.2,0.005,7.93911,33.834,0.0173185,2.17377,5.52218,2.06673
0.10259,0.759017,0.0535802,6.2,0.151119,7.96922,40.1104,0.0119289,3.64762,19.4271,6.61032
0.0292278,0.852904,0.0180563,6.2,0.005,7.98229,33.1398,0.0180352,2.17099,4.10074,1.96618
0.01,0.88,0.001,4.5,0.01,8,38,0.015,7.69046,10.83138,2.97399
0.01,0.88,0.001,8,0.01,8,38,0.015,1.80554,10.02182,2.63422
0.01,0.88,0.001,7.5,0.01,8,38,0.015,2.13982,7.73908,2.52784
0.01,0.88,0.001,7,0.01,8,38,0.015,2.56825,7.31269,2.42575
0.01,0.88,0.001,5,0.01,8,38,0.015,6.05628,7.05963,2.3516
0.01,0.88,0.001,6,0.01,8,38,0.015,3.84779,6.45751,2.28113
0.01,0.88,0.001,5.5,0.01,8,38,0.015,4.80137,5.66818,2.14502
0.01,0.88,0.001,5.7,0.01,8,38,0.015,4.38784,5.18009,2.20502
0.01,0.88,0.001,6.5,0.01,8,38,0.015,3.12284,5.2925,2.39749
0.01,0.88,0.001,5.3,0.01,8,38,0.015,5.26256,4.13942,2.00923
0.0300993,0.850089,0.0198292,6.2,0.005,8.02503,32.8549,0.0173879,2.16535,6.49961,1.94431
0.0280144,0.855126,0.0174665,6.2,0.005,8.05968,32.7771,0.015528,2.16052,6.31232,2.11092
0.0251824,0.866622,0.02206,6.2,0.005,8.06466,34.0715,0.0140378,2.15875,5.71399,2.4725
0.001,0.859146,0.0295306,6.2,0.005,8.08084,32.1479,0.00992413,2.16418,6.05417,2.04546
0.0300962,0.853225,0.0195997,6.2,0.005,8.0865,32.8558,0.0152951,2.15645,4.88487,1.77259
0.164676,0.7,0.0584904,6.2,0.0658122,8.10923,5,0.0128649,2.76715,11.9711,0.505428
0.001,0.877053,0.0179875,6.2,0.005,8.13237,29.6687,0.00942559,2.15725,4.79392,1.94031
0.180778,0.7,0.0662229,6.2,0.0629355,8.16504,5,0.0129283,2.72818,11.4392,0.684143
0.001,0.89101,0.0413634,6.2,0.005,8.17804,33.5939,0.00889111,2.14956,7.15191,2.05857
0.001,0.86426,0.0291703,6.2,0.005,8.21263,31.795,0.0100045,2.14667,6.47411,2.07103
0.182107,0.7,0.0452124,6.2,0.100113,8.22186,5,0.0144986,3.09063,7.80387,0.52816
0.001,0.858335,0.0238869,6.2,0.005,8.22364,32.1222,0.00976008,2.14559,6.26048,2.01086
0.00200606,0.868721,0.0172059,6.2,0.005,8.23031,33.2482,0.0125856,2.14389,3.85151,1.88003
0.001,0.929554,0.0001,6.2,0.005,8.24199,32.4899,0.00525907,2.14605,8.31792,2.14934
0.0280144,0.85128,0.0201646,6.2,0.005,8.24235,33.5634,0.0114831,2.13736,8.60906,2.29627
0.001,0.859861,0.00870566,6.2,0.005,8.2684,37.9276,0.0127495,2.14088,4.64939,1.85935
0.17835,0.7,0.0689457,6.2,0.0643419,8.31851,5,0.0131939,2.71705,10.1981,0.657651
0.10076,0.70361,0.0694456,6.2,0.0690788,8.32892,5,0.0132623,2.76407,8.38319,0.490864
0.149616,0.700324,0.0784496,6.2,0.0988574,8.36557,5,0.014027,3.0511,7.62793,0.415629
0.315158,0.7,0.0470599,6.2,0.10728,8.3664,11.1436,0.0126266,3.13384,11.4504,0.892722
0.001,0.868083,0.0108116,6.2,0.005,8.39271,31.2503,0.0154734,2.1246,4.23663,1.60108
0.143012,0.708551,0.0384408,6.2,0.0844999,8.41584,5,0.015091,2.90136,5.46721,0.275124
0.001,0.846926,0.0107127,6.2,0.005,8.50595,30.3928,0.0178385,2.11135,3.07261,1.53891
0.151655,0.7,0.051087,6.2,0.109147,8.5197,5,0.0144734,3.12613,7.50248,0.107916
0.001,0.838766,0.0274489,6.2,0.005,8.60416,25.9555,0.0112968,2.0982,8.72051,2.32193
0.00532792,0.855521,0.0146191,6.2,0.0175215,8.61329,32.8651,0.0151575,2.21698,6.4296,2.37695
0.001,0.869744,0.0180814,6.2,0.005,8.66127,31.2631,0.00980663,2.09104,6.3421,2.00843
0.20274,1,0.0315322,6.2,0.00972647,8.70769,6.30557,0.00416423,2.08462,24.6998,4.01423
0.0271755,0.854721,0.00672672,6.2,0.0153725,8.75248,28.2978,0.0147623,2.17675,9.09124,2.85264
0.151237,0.700351,0.0712061,6.2,0.0598574,8.7544,5,0.0139534,2.60638,9.13419,0.42092
0.166505,0.7,0.0358745,6.2,0.109348,8.75617,5,0.0130527,3.08764,9.01597,0.401751
0.215007,0.858053,0.0254831,6.2,0.0230408,8.78979,32.7689,0.00518044,2.23327,14.7034,3.64117
0.001,0.76,0.0001,6.2,0.005,8.8,8.29275,0.0085569,2.08,9.47322,0.39481
0.001,0.845211,0.0162859,6.2,0.005,8.8,31.779,0.0150237,2.07545,2.58785,1.57232
0.320454,0.879532,0.016562,6.2,0.132373,8.82503,29.8016,0.0142652,3.26848,17.7288,5.35554
0.110539,0.7,0.0777939,6.2,0.0619953,8.84,5,0.012691,2.61575,11.0566,0.62018
0.001,0.811035,0.0269481,6.2,0.005,8.84513,25.1268,0.00966524,2.07023,11.2732,2.46427
0.124219,0.834928,0.00023909,6.2,0.0558992,8.85246,15,0.00115986,2.55515,17.5071,3.10559
0.001,0.865151,0.00375118,6.2,0.005,8.96986,31.5544,0.0111731,2.05638,3.81351,1.76926
0.0365511,0.84179,0.0208186,6.2,0.0319291,8.99366,36.2,0.0145902,2.30184,9.32297,3.14397
0.001,0.855917,0.0203224,6.2,0.005,9.03086,38.8792,0.0148774,2.04867,5.03948,1.67379
0.00777576,0.822076,0.0245434,6.2,0.0127549,9.04248,39.3551,0.0155542,2.11863,4.65858,2.47491
0.001,0.902871,0.015337,6.2,0.005,9.10917,31.0472,0.0102192,2.03887,5.68485,1.92892
0.306858,0.7,0.0484347,6.2,0.101291,9.13237,5,0.0126816,2.94514,12.1201,0.829972
0.001,0.887552,0.0164778,6.2,0.0299871,9.13496,37.953,0.0141569,2.27226,7.1495,3.07684
0.260423,0.858087,0.0169964,6.2,0.155851,9.13857,40.588,0.0114356,3.43921,21.5003,6.93464
0.0608228,0.978087,0.0001,6.2,0.0778509,9.13857,40.588,0.0114356,2.71902,15.942,4.8552
0.0185719,0.813984,0.024467,6.2,0.030669,9.16761,34.2144,0.014751,2.2722,8.80398,2.95392
0.001,0.890134,0.0001,6.2,0.0090984,9.18342,29.6997,0.0168328,2.07212,5.13965,2.07554
0.001,0.857378,0.0443482,6.2,0.005,9.2472,31.8361,0.00963788,2.0237,4.84381,2.04126
0.001,0.877258,0.0028879,6.2,0.005,9.27597,30.5343,0.00953554,2.02234,7.05631,2.21443
0.001,0.862161,0.00171242,6.2,0.005,9.28584,31.8379,0.0100846,2.02183,5.31441,2.08828
0.001,0.875522,0.0331143,6.2,0.005,9.31927,30.2553,0.0102515,2.01569,5.13437,2.0383
0.001,0.863507,0.0239981,6.2,0.005,9.35337,27.1154,0.0103746,2.01269,10.7437,2.72766
0.001,0.873805,0.00926779,6.2,0.005,9.35903,33.0893,0.0104041,2.01274,4.96493,2.04497
0.001,0.855156,0.0403984,6.2,0.005,9.47563,32.8099,0.0119362,1.99956,4.51014,1.94466
0.145129,0.7,0.02308,6.2,0.122,9.48827,5,0.0110716,3.08793,13.5362,0.370757
0.352647,0.7,0.0475845,6.2,0.0527707,9.4929,5,0.0134606,2.43708,11.6066,0.764548
0.001,0.852738,0.0227681,6.2,0.005,9.55281,36.4441,0.0148354,1.99213,3.47115,1.90346
0.148524,0.700049,0.0503427,6.2,0.0867289,9.5546,5,0.0126022,2.74765,12.4195,0.385851
0.001,0.844652,0.0291096,6.2,0.005,9.56654,36.7169,0.0151512,1.99072,4.13871,1.91656
0.00347754,0.855504,0.0167516,6.2,0.005,9.68803,34.9988,0.016223,1.97734,3.95143,2.03545
0.03842,0.88168,0.01525,6.2,0.005,9.70836,29.8919,0.0152131,1.96915,5.19921,2.16929
0.001,0.855786,0.00567622,6.2,0.005,9.72467,28.7924,0.0103864,1.97539,8.1572,2.09712
0.0163541,0.839251,0.0173741,6.2,0.005,9.76976,28.9163,0.0173456,1.96699,7.46043,2.20461
0.356112,0.898146,0.00159734,6.2,0.116415,9.80365,42.4664,0.0113596,2.96916,18.9053,5.54365
0.204453,0.7,0.0693854,6.2,0.0863136,9.81127,5,0.0132025,2.70623,11.5135,0.623944
0.001,0.880662,0.0099127,6.2,0.005,9.86816,27.7659,0.00851806,1.96016,10.6861,2.446
0.001,0.858528,0.0160167,6.2,0.005,9.89302,31.1057,0.0101727,1.95786,5.94399,2.15438
0.01,0.88,0.001,5,0.01,10,20,0.015,5.42389,18.95553,1.98439
0.01,0.88,0.001,5.7,0.01,10,20,0.015,3.92791,15.2434,0.74631
0.01,0.88,0.001,5,0.01,10,30,0.015,5.42761,15.37949,2.78368
0.01,0.88,0.001,7,0.01,10,20,0.015,2.29781,12.36041,0.82742
0.01,0.88,0.001,5,0.01,10,10,0.015,5.41832,12.90932,2.24773
0.01,0.88,0.001,5.7,0.01,10,10,0.015,3.9255,11.53915,0.83921
0.01,0.88,0.001,5.7,0.01,10,30,0.015,3.92906,8.53914,2.6234
0.01,0.88,0.001,7,0.01,10,40,0.015,2.29813,7.20698,2.42504
0.01,0.88,0.001,7,0.01,10,10,0.015,2.29801,2.39316,-1.3895
0.01,0.88,0.001,5.7,0.01,10,40,0.015,3.92981,5.10338,2.429
0.01,0.88,0.001,7,0.01,10,30,0.015,2.29824,4.88738,2.23604
0.01,0.88,0.001,5,0.01,10,40,0.015,5.4301,4.70658,2.3935
0.0923552,0.700981,0.0548318,6.2,0.0727192,10.0323,5,0.014605,2.5562,8.42646,0.0390247
0.211993,0.7,0.0272004,6.2,0.117864,10.0446,5,0.0129168,2.96342,12.1388,0.0431294
0.0202274,0.846038,0.0143086,6.2,0.0114445,10.1033,30.4792,0.0139058,1.99248,8.38552,2.79666
0.176691,0.730793,0.0250298,6.2,0.0862593,10.1783,5.14016,0.0150868,2.65707,7.73971,0.0245353
0.001,0.88177,0.0129072,6.2,0.005,10.1993,32.915,0.0103044,1.92857,5.44398,2.09588
0.184389,0.82,0.0001,6.2,0.005,10.3763,31.7288,0.001,1.91207,10.0325,2.23657
0.001,0.853639,0.0193448,6.2,0.005,10.4179,32.9229,0.00935852,1.90854,8.09541,2.23746
0.001,0.85289,0.0269249,6.2,0.005,10.4312,29.1278,0.0105025,1.90686,9.31888,2.44853
0.001,0.822633,0.0264734,6.2,0.005,10.4528,31.0439,0.0109855,1.90581,5.52363,2.0397
0.001,0.876504,0.00755804,6.2,0.005,10.4909,30.2907,0.00946822,1.90193,9.5749,2.52119
0.001,0.845833,0.0154833,6.2,0.005,10.5162,32.4312,0.0144952,1.89989,3.30447,1.90623
0.0247833,0.857292,0.0105087,6.2,0.005,10.535,27.7022,0.0150578,1.89408,8.49839,2.8666
0.211827,0.896879,0.0001,6.2,0.0516269,10.6457,45.7424,0.0118906,2.29289,12.8529,4.02913
0.0149913,0.86391,0.0173764,6.2,0.005,10.6748,28.8235,0.0155605,1.88141,7.00955,2.71514
0.001,0.849357,0.034206,6.2,0.005,10.6757,30.9296,0.0100671,1.88498,6.67323,2.18879
0.192155,0.700701,0.0596735,6.2,0.0702234,10.7015,5,0.0131387,2.45251,10.2706,0.67445
0.150721,0.7,0.0633827,6.2,0.0972657,10.7194,5,0.0141317,2.68856,10.0674,0.263362
0.001,0.825597,0.0327549,6.2,0.005,10.7383,34.0601,0.00924728,1.88031,6.23626,2.24179
0.178632,0.832089,0.033089,6.2,0.0910059,10.7772,24.0557,0.0125926,2.61317,18.7084,3.29635
0.0126734,0.826111,0.0001,6.2,0.005,10.8214,28.3223,0.0179973,1.87375,8.80748,2.10201
0.119375,0.786654,0.0213765,6.2,0.0164638,10.9456,31.502,0.0124876,1.95698,10.6243,3.21409
0.001,0.859108,0.0244907,6.2,0.005,11.0077,34.0911,0.0108536,1.85659,4.88387,2.05285
0.384347,0.888661,0.0138094,6.2,0.155415,11.0078,31.2998,0.00221926,3.12939,21.3198,5.74717
0.455912,0.85402,0.0130661,6.2,0.155415,11.0078,52.4664,0.00762897,3.13398,21.5747,7.35701
0.314807,0.915189,0.0157522,6.2,0.0620408,11.0078,31.2998,0.00138044,2.32771,16.4429,4.30908
0.001,0.860452,0.023091,6.2,0.005,11.0415,23.4557,0.0101664,1.85354,16.9543,2.13891
0.296761,0.7,0.0421176,6.2,0.139577,11.0796,5,0.0145628,3.00948,11.3481,0.108299
0.0338518,0.816447,0.0229964,6.2,0.005,11.0798,29.3924,0.0138293,1.84792,7.76064,2.72201
0.375806,0.925669,0.0330461,6.2,0.187703,11.0805,12.4446,0.00932732,3.37382,28.7548,3.74981
0.0594557,0.82195,0.01476,6.2,0.0130059,11.1265,26.1061,0.0127026,1.91159,13.7633,3.14171
0.001,0.875762,0.00517637,6.2,0.0630641,11.1912,39.504,0.00556391,2.33859,14.328,3.73225
0.001,0.835121,0.0342828,6.2,0.005,11.2255,33.386,0.0103047,1.83921,5.82155,1.98495
0.399422,0.783332,0.0513888,6.2,0.0475601,11.2517,50.9513,0.0179144,2.18992,14.5181,4.42695
0.185066,0.7,0.0419132,6.2,0.127248,11.2525,5,0.0122987,2.88227,13.7404,0.18556
0.455912,0.783332,0.0916279,6.2,0.0831842,11.3448,19.1657,0.00465206,2.48073,21.9694,3.82679
0.274008,0.7,0.0413872,6.2,0.141981,11.352,8.25464,0.015018,2.99482,11.0665,0.190018
0.352624,0.7,0.0462634,6.2,0.0785268,11.4866,5,0.0134674,2.43827,12.211,0.56063
0.001,0.837134,0.0178137,6.2,0.005,11.4919,32.4941,0.00701936,1.81829,9.29958,2.29859
0.00821492,0.895757,0.00835448,6.2,0.005,11.5358,34.3636,0.0162449,1.81205,4.5301,1.99454
0.001,0.816288,0.0285952,6.2,0.005,11.5637,31.6818,0.0090738,1.81261,8.63905,2.53658
0.0256452,0.844723,0.0266422,6.2,0.005,11.6303,38.5734,0.0149783,1.8034,3.80618,2.07296
0.0116568,0.88151,0.0164556,6.2,0.005,11.6895,33.7081,0.0152205,1.79941,5.60775,2.46572
0.277201,0.7,0.0392508,6.2,0.116965,11.6974,5.62788,0.012224,2.74029,15.8065,0.527739
0.276479,0.7,0.0458276,6.2,0.156864,11.7506,9.00312,0.0132652,3.06905,13.7392,0.251312
0.001,0.845439,0.0130105,6.2,0.005,11.7554,33.5997,0.00880049,1.79803,8.26969,2.29871
0.0979971,0.915486,0.0465564,6.2,0.0843589,11.7927,38.7601,0.0145267,2.43568,14.7106,4.98571
0.150529,0.802339,0.0494596,6.2,0.005,11.7927,36.5721,0.0148082,1.7887,4.09806,2.62121
0.001,0.85065,0.0254286,6.2,0.005,11.7989,30.3058,0.0152725,1.79432,7.31186,2.63746
0.231949,0.7,0.0252952,6.2,0.162905,11.811,5,0.0118369,3.11283,16.7132,0.297122
0.092501,0.7,0.0001,6.2,0.0160132,11.8354,16.9332,0.0116886,1.8859,11.8384,0.371293
0.001,0.826151,0.02008,6.2,0.005,11.8759,30.7878,0.0101992,1.78895,7.78516,2.46076
0.0919959,0.814161,0.0001,6.2,0.00526802,11.9396,18.987,0.00976092,1.78665,14.7485,0.468559
0.322763,0.775099,0.0752477,6.2,0.16079,12.0936,29.6258,0.0119073,3.04316,20.1425,4.64523
0.376363,0.76489,0.0604573,6.2,0.155691,12.1389,42.746,0.00554633,2.99721,21.206,5.9552
0.332503,0.7,0.0444303,6.2,0.117527,12.1686,11.2061,0.0128522,2.69216,17.4724,0.437568
0.001,0.825482,0.0308499,6.2,0.025839,12.1687,37.3786,0.0151787,1.93801,5.65548,2.59977
0.240293,0.710586,0.0208014,6.2,0.128535,12.2915,5,0.0144004,2.77135,12.0666,0.108122
0.0181228,0.94,0.000826882,6.2,0.005,12.3,45,0.0062,1.75585,11.2414,2.49807
0.001,0.898049,0.0125826,6.2,0.005,12.3914,29.9472,0.00825248,1.7508,12.1835,2.73104
0.228295,0.7,0.0323785,6.2,0.146433,12.4111,5,0.0143503,2.90461,11.8984,0.237394
0.327953,0.7,0.0468367,6.2,0.128478,12.5046,5,0.0135598,2.74573,16.7889,0.351793
0.001,0.902319,0.0276334,6.2,0.005,12.601,28.5641,0.010588,1.73569,12.4883,2.77621
0.1222,0.732643,0.0637915,6.2,0.190119,12.7457,50.1104,0.00812893,3.20822,22.9807,6.48772
0.391767,0.843219,0.0607362,6.2,0.129323,12.8401,38.1613,0.00969633,2.69524,18.358,5.47355
0.267178,0.7,0.0433369,6.2,0.117969,13.018,5,0.0115769,2.60767,16.2343,0.824805
0.291967,0.803451,0.0407562,6.2,0.124648,13.347,33.5743,0.0134963,2.61687,19.2005,5.44124
0.165735,0.7,0.0184608,6.2,0.107827,13.3558,5.19591,0.0124059,2.49863,16.6481,0.600412
0.001,0.853622,0.0329905,6.2,0.005,13.4606,34.6193,0.00854614,1.68087,8.67057,2.61339
0.265535,0.7,0.0151774,6.2,0.146827,13.5274,6.26582,0.0130266,2.78802,17.2625,0.192202
0.001,0.869554,0.0001,6.2,0.0104941,13.542,22.4899,0.00905907,1.7202,23.5984,1.6871
0.001,0.838049,0.0325626,6.2,0.005,13.5549,35.6172,0.0082783,1.67551,9.63167,2.55793
0.304096,0.70226,0.052434,6.2,0.142199,13.6602,24.1444,0.0112124,2.70387,23.1402,2.25589
0.263738,0.7,0.0618932,6.2,0.161,13.6608,7.60699,0.0158103,2.88383,12.4902,0.0338658
0.282101,0.7,0.0516324,6.2,0.136873,13.7313,21.5918,0.0143252,2.68542,19.774,0.0696893
0.159256,0.813361,0.0310589,6.2,0.0520059,13.7627,23.5622,0.0138,2.02026,24.2831,1.38908
0.320454,0.758315,0.0583516,6.2,0.0789693,13.8495,5,0.0077769,2.22085,24.8374,1.53495
0.30254,0.964508,0.0515122,6.2,0.0487265,14.0077,10.1728,0.00249573,1.95417,25.342,4.38479
0.215707,0.755409,0.0386013,6.2,0.161,14.0952,5,0.012523,2.83492,20.9891,0.671056
0.384347,0.915189,0.0157522,6.2,0.121932,14.1061,31.2998,0.0179144,2.51572,18.882,5.1434
0.420254,0.939532,0.036542,6.2,0.128964,14.125,19.8016,0.0156558,2.55886,27.2872,2.68525
0.224019,0.774928,0.0001,6.2,0.0948992,14.1525,5,0.00495986,2.32392,23.3539,2.14534
0.324667,0.747116,0.0503836,6.2,0.122184,14.1924,6.79806,0.0126471,2.5283,21.4106,0.980039
0.202294,0.790793,0.0327853,6.2,0.124136,14.3829,5.66936,0.0159151,2.52622,18.4861,0.0375312
0.0684762,0.843332,0.0364578,6.2,0.035491,14.435,40.722,0.0164391,1.84862,10.86,3.98125
0.360223,0.918087,0.0369764,6.2,0.194851,14.4386,50.588,0.0152356,3.02755,24.6499,7.78428
0.001,0.857858,0.0304707,6.2,0.005,14.6587,24.0911,0.00705364,1.61157,19.1319,1.91052
0.01,0.88,0.001,7,0.01,15,20,0.015,1.88154,19.54901,-1.88845
0.01,0.88,0.001,5,0.01,15,20,0.015,4.45619,22.43682,2.92332
0.01,0.88,0.001,5,0.01,15,30,0.015,4.4573,21.50439,2.35683
0.01,0.88,0.001,5,0.01,15,10,0.015,4.45584,21.85262,3.52107
0.01,0.88,0.001,5.7,0.01,15,10,0.015,3.22123,17.51823,1.03901
0.01,0.88,0.001,5.7,0.01,15,30,0.015,3.21827,19.33828,3.46901
0.01,0.88,0.001,7,0.01,15,10,0.015,1.88461,13.99421,-0.45535
0.01,0.88,0.001,5.7,0.01,15,20,0.015,3.22184,15.62055,1.44515
0.01,0.88,0.001,5,0.01,15,40,0.015,4.45861,12.65173,3.27059
0.01,0.88,0.001,7,0.01,15,30,0.015,1.87927,9.57206,2.89038
0.01,0.88,0.001,5.7,0.01,15,40,0.015,3.21799,7.84774,3.04728
0.01,0.88,0.001,7,0.01,15,40,0.015,1.87916,7.8131,3.13863
0.001,0.929554,0.0001,6.2,0.0494941,15.0658,32.4899,0.00525907,1.9197,17.4482,3.9411
0.381901,0.7,0.0582231,6.2,0.175873,15.1765,31.5918,0.0142694,2.8418,22.1852,5.08942
0.486024,0.7338,0.0730013,6.2,0.122184,15.5585,18.505,0.00504713,2.41219,27.0294,3.07716
0.476163,0.772866,0.0613027,6.2,0.324051,15.6291,50.1104,0.00931511,3.86879,31.3572,8.88583
0.284189,0.76,0.0001,6.2,0.005,15.6763,41.7288,0.00451127,1.55935,14.3546,3.4028
0.356112,0.86199,0.0478846,6.2,0.0984975,15.8928,40.9513,0.005498,2.20927,24.31,5.74661
0.311627,0.911628,0.0001,6.2,0.0906269,15.9084,42.3567,0.00992535,2.16245,20.6023,5.01348
0.420254,0.818315,0.0783316,6.2,0.0703684,16.151,12.0801,0.0039769,1.99262,29.854,3.24161
0.331938,0.712866,0.0661449,6.2,0.164278,16.1787,41.5918,0.0104694,2.67093,24.3811,6.34518
0.219175,0.818595,0.0167989,6.2,0.0453433,16.2456,24.9266,0.0118777,1.81682,27.2373,2.89906
0.323,0.86,0.0873,6.2,0.342,16.3,41,0.003,3.90352,32.0909,8.47562
0.323,0.86,0.0873,6.2,0.142,16.3,41,0.003,2.48864,23.5828,6.5622
0.341225,0.8,0.06732,6.2,0.162603,16.3685,31,0.0068,2.63752,27.2385,5.62745
0.353649,0.865669,0.0525676,6.2,0.2,16.3805,5,0.0131273,2.89535,28.8815,1.93883
0.339747,0.74,0.0717711,6.2,0.181199,16.4732,25.3644,0.0106,2.76603,29.0309,2.55451
0.077831,0.880395,0.0207762,6.2,0.102064,16.4912,41.4575,0.00784473,2.2014,22.5675,5.87245
0.0434236,0.889017,0.0516679,6.2,0.005,16.5255,31.1428,0.00650474,1.51416,22.0542,4.14827
0.455912,0.866191,0.036542,6.2,0.168627,16.5799,43.4957,0.0190372,2.65668,19.9302,6.53874
0.133863,0.775997,0.0467708,6.2,0.160028,16.6136,5,0.0163216,2.61221,23.4316,0.695652
0.33924,0.733722,0.0567861,6.2,0.186642,16.6531,7.95298,0.0178309,2.79819,19.879,0.159124
0.342633,0.702091,0.0563126,6.2,0.155226,17.0254,25.9454,0.0172031,2.54605,26.1704,1.09842
0.197797,0.973494,0.0554416,6.2,0.123359,17.0927,29.6791,0.0156284,2.29328,29.9975,5.59604
0.197797,0.800567,0.0513888,6.2,0.0303091,17.0927,29.6791,0.0110082,1.6668,25.6436,4.81511
0.391767,0.843219,0.0636076,6.2,0.0523629,17.0927,31.2144,0.0110082,1.81515,25.0486,4.97697
0.192301,0.736479,0.0001,6.2,0.0550132,17.1354,26.9332,0.00812924,1.84225,25.9946,2.26697
0.391767,0.759265,0.0952277,6.2,0.19979,17.3936,19.6258,0.0109939,2.82388,29.0039,3.4841
0.399422,0.800567,0.047792,6.2,0.207608,17.3936,43.4957,0.00465206,2.87145,30.6917,6.94063
0.455912,0.866191,0.0636076,6.2,0.0831842,17.3936,50.9513,0.00263506,2.00836,22.9394,5.62369
0.476163,0.70489,0.0804373,6.2,0.194691,17.4389,47.546,0.00174633,2.75719,25.8096,5.23343
0.314807,0.70489,0.0513419,6.2,0.162506,17.4389,8.20857,0.0171675,2.572,19.8731,0.00835602
0.277431,0.772866,0.0613027,6.2,0.178595,17.8036,51.5918,0.00772692,2.64451,26.963,7.14474
0.424467,0.756402,0.0530213,6.2,0.161184,18.0564,11.1036,0.00884713,2.50793,34.3298,2.38786
0.40234,0.904508,0.0714922,6.2,0.0877265,19.3077,20.1728,0.00629573,1.93405,36.5828,4.3072
0.315507,0.805669,0.0585813,6.2,0.2,19.3952,5,0.0152261,2.6807,31.1378,1.77375
0.323819,0.834928,0.0001,6.2,0.133899,19.4525,5,0.00875986,2.24471,31.8723,2.51717
0.233663,0.818994,0.0435321,6.2,0.163136,19.6829,5.91349,0.0162219,2.42345,28.6246,1.35725
0.168276,0.783332,0.0513888,6.2,0.0303091,19.735,31.3372,0.0163468,1.55716,25.2529,4.50903
0.420254,0.800567,0.0952277,6.2,0.0262177,19.735,53.6388,0.0163468,1.52764,13.8621,4.8234
0.001,0.869554,0.00956079,6.2,0.0884941,20.3658,22.4899,0.00145907,1.9069,28.4654,6.30559
0.197797,0.759265,0.0916279,6.2,0.19979,20.3951,49.5765,0.00219882,2.61389,28.612,6.35985
0.383989,0.7,0.00346315,6.2,0.0275486,20.9763,31.7288,0.00831127,1.49703,27.2236,4.65755
0.277431,0.882091,0.01097,6.2,0.116909,21.0755,23.7603,0.0131596,2.05127,35.0132,2.37067
0.411427,0.886167,0.0001,6.2,0.129627,21.2084,32.6229,0.00612535,2.12768,28.956,5.68644
0.318975,0.870469,0.0122293,6.2,0.0496644,21.5456,21.726,0.0146615,1.613,30.2836,1.35438
0.177631,0.887207,0.0407562,6.2,0.141064,21.7912,44.0687,0.0116447,2.16396,27.2451,7.19861
0.141713,0.949017,0.0716479,6.2,0.0237262,21.8255,33.999,0.00270474,1.43522,31.9,6.96605
0.360645,0.762091,0.05093,6.2,0.162368,22.3254,35.9454,0.0187005,2.27477,28.3431,6.04512
0.292101,0.796479,0.0001,6.2,0.0940132,22.4354,16.9332,0.00526111,1.85196,38.6528,7.36214
0.151735,0.808627,0.051778,6.2,0.168526,22.5542,5,0.0187249,2.30579,27.5119,0.947364
0.390772,0.760347,0.0799126,6.2,0.127284,23.3572,39.5116,0.015642,2.01584,28.3155,6.82393
0.0521575,0.809554,0.0295408,6.2,0.127494,23.5578,12.4899,0.00346176,2.00749,41.4869,6.39915
0.420254,0.843219,0.0142461,6.2,0.168627,23.9027,22.6229,0.00232535,2.23432,38.2829,7.4866
0.001,0.925669,0.0604573,6.2,0.0801061,23.9785,39.5765,0.00612535,1.71393,48.5581,6.84689
0.423619,0.894928,0.00261772,6.2,0.172899,24.7525,9.45092,0.0125599,2.2246,37.8976,3.93773
0.391767,0.930469,0.0142461,6.2,0.0475601,25.7365,19.6258,0.0184615,1.46682,40.9856,2.5997
0.260845,0.822091,0.03095,6.2,0.171607,26.1098,43.5317,0.0149005,2.16169,29.1345,7.45151
0.483789,0.710502,0.0234431,6.2,0.0665486,26.2763,41.7288,0.00451127,1.56391,35.9441,9.58879
0.277431,0.890714,0.0607362,6.2,0.162506,27.0912,47.546,0.0154447,2.06842,27.9515,8.01752
0.197797,0.939532,0.0916279,6.2,0.0627262,27.1255,38.1613,0.00138044,1.51134,37.6798,6.8723
0.197797,0.973494,0.0916279,6.2,0.256833,27.1255,8.48776,0.00138044,2.58138,32.2837,6.8714
0.391901,0.856479,0.0102412,6.2,0.133013,27.7354,6.93322,0.00906111,1.88103,46.8239,5.47955
0.0995781,0.85402,0.071758,6.2,0.155415,27.8542,8.15479,0.0154447,2.01099,40.9593,2.91074
0.183027,0.741169,0.0130661,6.2,0.213064,27.8542,52.4664,0.00219882,2.32533,36.0709,8.12027
0.183027,0.882091,0.01097,6.2,0.194691,28.6572,53.5317,0.0111005,2.19076,33.9192,8.80007
0.458181,0.741169,0.0998926,6.2,0.155133,28.6572,49.5116,0.019442,1.97857,24.7699,6.90449
0.0995781,0.985669,0.0804373,6.2,0.0627262,29.2785,49.5765,0.00232535,1.45686,40.5076,6.27939
