X1;X2;X3;Y1;Y2;Y3;Y4;Y5
1.0;93.0;40.0;6.982000000000001;2.095;32.28;20.13;56.5
1.0;94.0;40.0;6.013999999999999;2.1430000000000002;31.340000000000003;18.67;58.8
1.0;95.0;40.0;5.529;2.154000000000001;34.21;15.77;59.8
1.0;96.0;40.0;4.808;2.168;36.18;12.63;62.2
11.0;93.0;40.0;7.066000000000002;2.096;34.1;20.02;56.38999999999999
11.0;94.0;40.0;6.516;2.103;33.87;17.990000000000006;57.39999999999999
11.0;95.0;40.0;5.557;2.146;37.55;14.920000000000002;59.7
11.0;96.0;40.0;4.788;2.165;35.23999999999999;12.49;62.06
21.0;93.0;40.0;7.158999999999999;2.094;30.57;20.7;56.39999999999999
21.0;94.0;40.0;6.417999999999998;2.0970000000000004;31.67;18.58;57.39999999999999
21.0;95.0;40.0;5.502999999999999;2.1319999999999997;33.67999999999999;15.82;59.7
21.0;96.0;40.0;4.795;2.1670000000000003;36.8;12.760000000000002;62.08000000000001
31.0;93.0;40.0;7.047999999999999;2.104;32.52;19.91;56.5
31.0;94.0;40.0;6.042000000000001;2.141;34.53;17.699999999999996;58.8
31.0;95.0;40.0;5.47;2.147;35.03000000000001;15.77;59.86999999999999
31.0;96.0;40.0;4.799;2.164;36.99;12.8;62.2
41.0;93.0;40.0;6.869;2.105;30.33;20.71;56.81
41.0;94.0;40.0;5.861999999999999;2.1519999999999997;32.290000000000006;17.7;59.10000000000001
41.0;95.0;40.0;5.162000000000001;2.184;34.32000000000001;15.460000000000004;61.48
41.0;96.0;40.0;4.49;2.229;36.59;12.239999999999998;63.89999999999999
51.0;93.0;40.0;6.8290000000000015;2.125;30.24;20.73;57.3
51.0;94.0;40.0;5.8420000000000005;2.1590000000000003;34.480000000000004;17.4;59.60000000000001
51.0;95.0;40.0;5.021;2.213;33.510000000000005;14.69;61.89999999999999
51.0;96.0;40.0;4.427000000000001;2.2280000000000006;35.07;12.84;64.36999999999998
61.0;93.0;40.0;6.1690000000000005;2.1730000000000005;30.3;19.71;59.10000000000001
61.0;94.0;40.0;5.394;2.221;33.75;17.21;61.47000000000001
61.0;95.0;40.0;4.760999999999999;2.246;32.76;15.26;63.88
61.0;96.0;40.0;4.372999999999998;2.257;34.989999999999995;12.57;65.0
71.0;93.0;40.0;5.961999999999999;2.2060000000000004;31.03;19.84;59.89999999999999
71.0;94.0;40.0;5.261;2.254;32.14;17.230000000000004;62.29
71.0;95.0;40.0;4.6;2.279;33.75;14.64;64.70000000000002
71.0;96.0;40.0;4.091000000000001;2.3270000000000004;32.67;12.62;67.20000000000002
81.0;93.0;40.0;5.473;2.269;31.69;18.69;62.10000000000001
81.0;94.0;40.0;4.851;2.3140000000000005;31.93;16.160000000000004;64.5
81.0;95.0;40.0;4.276;2.362;31.24;14.29;67.01
81.0;96.0;40.0;3.821;2.395;34.529999999999994;12.349999999999998;69.60000000000001
91.0;93.0;40.0;5.013;2.353;29.3;19.15;64.5
91.0;94.0;40.0;4.462999999999999;2.3950000000000005;33.230000000000004;15.77;67.0
91.0;95.0;40.0;3.9900000000000007;2.4720000000000004;33.01;13.830000000000002;69.60000000000001
91.0;96.0;40.0;3.709000000000001;2.4490000000000003;32.89;11.996;70.85999999999999
1.0;93.0;45.0;13.43;1.858;34.989999999999995;21.83;47.66
1.0;93.0;46.0;16.87;1.8119999999999998;33.84000000000001;23.34;45.7
1.0;93.0;47.0;18.26;1.8010000000000002;36.17999999999999;22.12;45.10000000000001
1.0;93.0;48.0;25.29;1.757;34.129999999999995;24.29;43.2
1.0;93.0;49.0;36.31;1.713;34.91;24.73;41.39999999999999
1.0;93.0;50.0;39.75;1.7019999999999995;39.22;23.39;40.89999999999999
1.0;94.0;45.0;10.668000000000003;1.8890000000000005;33.11999999999999;20.85;49.7
1.0;94.0;46.0;12.959999999999996;1.8419999999999999;35.099999999999994;20.54;47.7
1.0;94.0;47.0;13.66;1.8270000000000004;37.56;20.07;47.10000000000001
1.0;94.0;48.0;16.720000000000002;1.777;35.13;21.78;45.2
1.0;94.0;49.0;21.93;1.736;37.3;21.17;43.3
1.0;94.0;50.0;30.68999999999999;1.6989999999999998;39.34;21.270000000000003;41.39999999999999
1.0;95.0;45.0;8.610000000000001;1.917;34.61;17.64;51.8
1.0;95.0;46.0;9.813;1.868;37.24;17.650000000000006;49.8
1.0;95.0;47.0;11.78;1.819;38.72;17.199999999999996;47.8
1.0;95.0;48.0;12.16;1.807;38.93;17.71;47.2
1.0;95.0;49.0;15.13;1.7619999999999998;40.42;18.12;45.27
1.0;95.0;50.0;19.43;1.7209999999999999;38.81;18.65;43.3
1.0;96.0;45.0;6.982000000000001;1.942;39.07000000000001;13.700000000000005;54.0
1.0;96.0;46.0;7.886;1.896;39.27;14.12;51.89999999999999
1.0;96.0;47.0;9.001999999999997;1.8459999999999999;39.17999999999999;14.820000000000002;49.8
1.0;96.0;48.0;9.677999999999999;1.828;40.36;14.660000000000002;49.27
1.0;96.0;49.0;11.750000000000002;1.7869999999999997;41.15000000000001;14.830000000000002;47.3
1.0;96.0;50.0;14.22;1.7400000000000002;40.82000000000001;15.72;45.3
11.0;93.0;45.0;13.260000000000002;1.865;32.489999999999995;23.43;47.89999999999999
11.0;93.0;46.0;14.12;1.848;34.83;22.23;47.3
11.0;93.0;47.0;18.0;1.8060000000000005;33.57;23.439999999999994;45.40999999999999
11.0;93.0;48.0;23.11000000000001;1.765;34.36;23.39;43.60000000000001
11.0;93.0;49.0;24.71;1.7519999999999998;36.13;23.21;43.10000000000001
11.0;93.0;50.0;37.06;1.711;33.22;25.58;41.3
11.0;94.0;45.0;10.255999999999998;1.9;36.67;19.05;49.92
11.0;94.0;46.0;10.754;1.883;36.71;18.78;49.3
11.0;94.0;47.0;13.46;1.8319999999999999;35.58;20.67;47.39999999999999
11.0;94.0;48.0;15.55;1.791;35.27;21.79;45.58000000000001
11.0;94.0;49.0;17.16;1.778;38.19000000000001;20.7;45.01000000000001
11.0;94.0;50.0;21.23;1.736;36.05;22.1;43.2
11.0;95.0;45.0;8.212;1.926;37.78;16.68;52.05
11.0;95.0;46.0;9.62;1.878;38.87;17.130000000000006;50.10000000000001
11.0;95.0;47.0;10.178999999999998;1.859;36.84;18.04;49.49
11.0;95.0;48.0;12.19;1.815;37.76;17.98;47.60000000000001
11.0;95.0;49.0;13.1;1.803;40.84;17.03;47.07000000000001
11.0;95.0;50.0;15.91;1.765;37.65;18.86;45.18999999999999
11.0;96.0;45.0;6.807;1.948;37.45;14.09;54.2
11.0;96.0;46.0;7.687;1.897;39.18000000000001;14.27;52.2
11.0;96.0;47.0;7.976000000000001;1.8880000000000001;41.15000000000001;13.87;51.60000000000001
11.0;96.0;48.0;9.367;1.8430000000000002;40.95;14.320000000000002;49.60000000000001
11.0;96.0;49.0;10.88;1.795;40.18;15.14;47.66
11.0;96.0;50.0;11.73;1.781;42.29;14.31;47.2
21.0;93.0;45.0;11.760000000000002;1.9080000000000001;33.61;22.04;49.5
21.0;93.0;46.0;13.65;1.861;33.84;22.49;47.7
21.0;93.0;47.0;14.190000000000005;1.8459999999999999;33.46;23.540000000000006;47.15000000000001
21.0;93.0;48.0;18.02;1.8080000000000005;34.91000000000001;23.03;45.39999999999999
21.0;93.0;49.0;23.14;1.766;34.809999999999995;23.73;43.60000000000001
21.0;93.0;50.0;24.57;1.755;36.79;23.46;43.15
21.0;94.0;45.0;9.148;1.943;35.47;19.26;51.60000000000001
21.0;94.0;46.0;10.599;1.896;35.2;19.86;49.7
21.0;94.0;47.0;12.749999999999998;1.852;37.46;19.78;47.89999999999999
21.0;94.0;48.0;12.88;1.829;36.72;20.29;47.39999999999999
21.0;94.0;49.0;15.98;1.791;36.47000000000001;21.04;45.540000000000006
21.0;94.0;50.0;16.6;1.777;38.26;20.45;45.10000000000001
21.0;95.0;45.0;8.243;1.936;36.59;17.03;52.39999999999999
21.0;95.0;46.0;8.443999999999999;1.915;37.27;17.229999999999997;51.86999999999999
21.0;95.0;47.0;9.763;1.877;37.11;17.74;49.89999999999999
21.0;95.0;48.0;10.184;1.862;38.540000000000006;16.94;49.39999999999999
21.0;95.0;49.0;12.06;1.8160000000000005;37.47000000000001;18.2;47.58000000000001
21.0;95.0;50.0;12.82;1.805;38.82;17.82;47.10000000000001
21.0;96.0;45.0;6.809;1.9669999999999999;38.62000000000001;13.41;54.60000000000001
21.0;96.0;46.0;6.969000000000001;1.946;38.72;14.089999999999998;54.0
21.0;96.0;47.0;7.902000000000001;1.9040000000000001;40.55;14.0;52.10000000000001
21.0;96.0;48.0;8.183000000000002;1.887;38.53;14.3;51.56
21.0;96.0;49.0;9.352;1.841;41.88;14.01;49.60000000000001
21.0;96.0;50.0;11.52;1.8;40.09;14.73;47.7
31.0;93.0;45.0;10.921;1.9240000000000002;32.8;22.04;50.0
31.0;93.0;46.0;11.439999999999998;1.905;33.46999999999999;22.300000000000004;49.5
31.0;93.0;47.0;13.26;1.861;33.86;23.08;47.7
31.0;93.0;48.0;14.13;1.8520000000000003;34.2;22.46;47.3
31.0;93.0;49.0;17.779999999999994;1.8040000000000005;33.3;23.31;45.5
31.0;93.0;50.0;18.950000000000006;1.7990000000000002;35.63000000000001;23.21;45.10000000000001
31.0;94.0;45.0;8.605999999999998;1.953;36.12;18.94;52.10000000000001
31.0;94.0;46.0;9.218;1.939;35.55000000000001;19.32;51.60000000000001
31.0;94.0;47.0;10.616;1.899;35.120000000000005;19.78;49.8
31.0;94.0;48.0;10.98;1.879;35.69;19.91;49.3
31.0;94.0;49.0;12.99;1.836;36.52;20.280000000000005;47.5
31.0;94.0;50.0;13.14;1.825;39.53;19.49;47.10000000000001
31.0;95.0;45.0;7.342999999999999;1.984;34.57;17.160000000000004;54.28000000000001
31.0;95.0;46.0;8.067;1.9340000000000002;34.25;17.690000000000005;52.39999999999999
31.0;95.0;47.0;8.501000000000001;1.922;36.18;17.5;51.89999999999999
31.0;95.0;48.0;9.677;1.8720000000000003;36.09;17.569999999999997;50.0
31.0;95.0;49.0;9.966000000000003;1.8630000000000002;38.29;16.96;49.60000000000001
31.0;95.0;50.0;11.7;1.822;38.82000000000001;17.589999999999996;47.75
31.0;96.0;45.0;6.081;2.017;37.98;13.66;56.5
31.0;96.0;46.0;6.612;1.96;39.5;13.179999999999998;54.56000000000002
31.0;96.0;47.0;6.772;1.944;39.84;13.72;54.10000000000001
31.0;96.0;48.0;7.725999999999999;1.898;37.790000000000006;14.88;52.16
31.0;96.0;49.0;7.978;1.893;38.81;14.55;51.7
31.0;96.0;50.0;9.169;1.842;40.46999999999999;14.140000000000004;49.8
41.0;93.0;45.0;9.385;1.9680000000000004;33.06;20.98;51.84999999999999
41.0;93.0;46.0;10.68;1.9150000000000005;32.870000000000005;22.09;50.15000000000001
41.0;93.0;47.0;11.11;1.908;33.410000000000004;21.860000000000007;49.7
41.0;93.0;48.0;11.34;1.893;36.01;21.520000000000003;49.3
41.0;93.0;49.0;13.85;1.858;34.83;21.84;47.60000000000001
41.0;93.0;50.0;14.02;1.847;32.67999999999999;22.66;47.2
41.0;94.0;45.0;7.656999999999999;2.003;35.31000000000001;18.44;54.0
41.0;94.0;46.0;8.834999999999997;1.9610000000000003;33.290000000000006;19.910000000000004;52.28000000000001
41.0;94.0;47.0;8.894;1.946;35.44;19.36;51.8
41.0;94.0;48.0;10.282;1.9;35.59;19.82;50.08000000000001
41.0;94.0;49.0;10.52;1.892;36.88;19.51;49.69
41.0;94.0;50.0;10.835999999999999;1.876;36.69;19.53;49.3
41.0;95.0;45.0;6.502000000000001;2.0380000000000003;38.08;15.44;56.27
41.0;95.0;46.0;7.1750000000000025;1.985;35.58;16.36;54.39999999999999
41.0;95.0;47.0;7.3290000000000015;1.975;36.29;16.840000000000003;54.0
41.0;95.0;48.0;8.315000000000001;1.93;36.28;17.26;52.2
41.0;95.0;49.0;8.343;1.914;34.89;17.779999999999994;51.8
41.0;95.0;50.0;9.899;1.879;38.290000000000006;17.13;50.0
41.0;96.0;45.0;5.9030000000000005;2.0340000000000003;37.27;13.61;57.10000000000001
41.0;96.0;46.0;6.0939999999999985;2.019;37.6;13.330000000000002;56.69
41.0;96.0;47.0;6.145;2.0010000000000003;38.34;13.61;56.21
41.0;96.0;48.0;6.831999999999999;1.957;38.92;13.91;54.38999999999999
41.0;96.0;49.0;6.9540000000000015;1.945;40.11;13.79;53.96999999999999
41.0;96.0;50.0;7.813;1.898;39.48;14.15;52.10000000000001
51.0;93.0;45.0;8.193999999999999;2.024;32.29;21.14;53.89999999999999
51.0;93.0;46.0;9.239;1.979;33.35000000000001;21.36;52.2
51.0;93.0;47.0;9.33;1.9680000000000002;33.87;21.32;51.88999999999999
51.0;93.0;48.0;9.662;1.952;32.35;21.74;51.5
51.0;93.0;49.0;11.489999999999998;1.9180000000000001;32.72000000000001;21.97;49.8
51.0;93.0;50.0;11.28;1.903;33.22;21.85;49.5
51.0;94.0;45.0;7.457000000000002;2.0170000000000003;32.65000000000001;18.87;54.8
51.0;94.0;46.0;7.612;2.0180000000000002;33.709999999999994;18.93;54.39999999999999
51.0;94.0;47.0;7.853999999999999;2.003;34.230000000000004;19.05;54.0
51.0;94.0;48.0;8.626999999999999;1.96;35.19000000000001;19.55;52.3
51.0;94.0;49.0;8.758000000000001;1.9470000000000005;35.66000000000001;19.1;51.92999999999999
51.0;94.0;50.0;9.06;1.9369999999999998;36.35;19.26;51.60000000000001
51.0;95.0;45.0;6.159000000000002;2.056;35.23000000000001;15.920000000000002;57.0
51.0;95.0;46.0;6.376;2.047;35.87;16.15;56.60000000000001
51.0;95.0;47.0;6.502000000000001;2.0380000000000003;34.37;16.5;56.24
51.0;95.0;48.0;7.132999999999999;1.983;34.31;17.009999999999998;54.5
51.0;95.0;49.0;7.352000000000001;1.9770000000000003;34.790000000000006;16.949999999999996;54.10000000000001
51.0;95.0;50.0;8.264;1.931;33.64;17.95;52.32000000000001
51.0;96.0;45.0;5.372999999999998;2.089;36.57;12.78;59.34
51.0;96.0;46.0;5.422000000000001;2.069;36.23;13.44;58.92
51.0;96.0;47.0;5.934;2.03;36.06999999999999;13.669999999999998;57.10000000000001
51.0;96.0;48.0;5.927999999999999;2.016;37.07;14.07;56.7
51.0;96.0;49.0;6.1370000000000005;2.008;38.31;13.13;56.39
51.0;96.0;50.0;6.706999999999999;1.959;37.68;14.18;54.5
61.0;93.0;45.0;7.794000000000001;2.056;30.98;21.39;54.81
61.0;93.0;46.0;8.053999999999998;2.038;31.7;21.17;54.5
61.0;93.0;47.0;8.068000000000001;2.0269999999999997;32.44;21.24;54.2
61.0;93.0;48.0;8.236;2.0200000000000005;34.57000000000001;20.79;53.88999999999999
61.0;93.0;49.0;9.193;1.978;34.190000000000005;20.86;52.27
61.0;93.0;50.0;9.448;1.97;33.74;21.09;52.0
61.0;94.0;45.0;6.6099999999999985;2.0900000000000003;32.989999999999995;18.13;57.09000000000001
61.0;94.0;46.0;6.601000000000001;2.079;32.45;18.629999999999995;56.7
61.0;94.0;47.0;6.7860000000000005;2.0700000000000003;32.29;18.54;56.39999999999999
61.0;94.0;48.0;7.467999999999999;2.0249999999999995;33.31;18.99;54.7
61.0;94.0;49.0;7.576;2.015;36.02;18.69;54.39999999999999
61.0;94.0;50.0;7.761;2.016;33.43000000000001;19.1;54.10000000000001
61.0;95.0;45.0;5.682;2.13;35.66000000000001;15.41;59.38
61.0;95.0;46.0;5.626;2.1100000000000003;35.95;15.56;59.0
61.0;95.0;47.0;5.759;2.103;35.32;15.95;58.7
61.0;95.0;48.0;6.238999999999999;2.057;35.09;15.980000000000004;57.0
61.0;95.0;49.0;6.392;2.0469999999999997;34.1;16.47;56.7
61.0;95.0;50.0;6.507000000000001;2.048;36.17;16.169999999999998;56.39999999999999
61.0;96.0;45.0;4.86;2.1640000000000006;35.5;13.1;61.72000000000001
61.0;96.0;46.0;4.9430000000000005;2.146;36.67;12.78;61.39999999999999
61.0;96.0;47.0;5.2860000000000005;2.095;36.5;13.09;59.60000000000001
61.0;96.0;48.0;5.340999999999998;2.084;36.3;13.2;59.3
61.0;96.0;49.0;5.392;2.073;35.59;13.79;59.0
61.0;96.0;50.0;5.524000000000001;2.0700000000000003;36.53;13.839999999999998;58.7
71.0;93.0;45.0;6.774999999999999;2.128;31.4;20.630000000000006;57.21
71.0;93.0;46.0;6.817;2.11;31.46;20.71;56.98
71.0;93.0;47.0;7.027000000000001;2.099;31.40000000000001;20.9;56.7
71.0;93.0;48.0;7.113;2.097;32.99;19.830000000000005;56.46
71.0;93.0;49.0;7.261;2.095;30.04;20.57;56.2
71.0;93.0;50.0;7.822;2.04;31.74;20.85;54.63000000000001
71.0;94.0;45.0;5.901000000000002;2.16;33.06;17.78;59.5
71.0;94.0;46.0;5.909999999999998;2.1519999999999997;31.790000000000006;18.07;59.28
71.0;94.0;47.0;5.9929999999999986;2.141;33.48;18.22;59.0
71.0;94.0;48.0;6.1220000000000026;2.142;33.510000000000005;18.380000000000006;58.78
71.0;94.0;49.0;6.534999999999998;2.088;33.48;18.1;57.11000000000002
71.0;94.0;50.0;6.612;2.082;32.77;18.55;56.89999999999999
71.0;95.0;45.0;5.096;2.208;32.050000000000004;15.79;61.89999999999999
71.0;95.0;46.0;5.150999999999999;2.186;35.02;15.22;61.60000000000001
71.0;95.0;47.0;5.196000000000001;2.185;34.41;15.57;61.38999999999999
71.0;95.0;48.0;5.511;2.135;33.16;15.98;59.7
71.0;95.0;49.0;5.634000000000001;2.129;33.33;15.82;59.42
71.0;95.0;50.0;5.626;2.111;34.61;15.77;59.2
71.0;96.0;45.0;4.449;2.2319999999999998;34.129999999999995;12.4;64.30999999999999
71.0;96.0;46.0;4.452;2.224;38.01000000000001;11.94;64.07000000000002
71.0;96.0;47.0;4.803000000000001;2.178;34.849999999999994;13.12;62.31
71.0;96.0;48.0;4.763;2.16;35.74;12.839999999999998;62.08000000000001
71.0;96.0;49.0;4.8100000000000005;2.157;36.58;12.71;61.8
71.0;96.0;50.0;4.9030000000000005;2.151;35.80999999999999;13.510000000000002;61.60000000000001
81.0;93.0;45.0;6.049000000000001;2.21;29.43;19.7;59.86999999999999
81.0;93.0;46.0;6.105;2.1990000000000003;30.329999999999995;19.85;59.67
81.0;93.0;47.0;6.059;2.1800000000000006;32.32;19.31;59.48
81.0;93.0;48.0;6.126;2.192;31.45;20.01;59.29
81.0;93.0;49.0;6.3229999999999995;2.1710000000000003;32.19;19.07;59.10000000000001
81.0;93.0;50.0;6.307999999999999;2.1740000000000004;33.67;18.9;58.90999999999999
81.0;94.0;45.0;5.25;2.246;31.880000000000006;17.029999999999998;62.2
81.0;94.0;46.0;5.282;2.2319999999999998;30.540000000000006;17.990000000000006;62.0
81.0;94.0;47.0;5.325000000000001;2.24;31.31;17.6;61.83
81.0;94.0;48.0;5.322;2.2270000000000003;33.86;17.21;61.65
81.0;94.0;49.0;5.386000000000001;2.226;33.34;17.03;61.48
81.0;94.0;50.0;5.432;2.212;30.21;17.79;61.3
81.0;95.0;45.0;4.581;2.28;33.16;14.920000000000002;64.67
81.0;95.0;46.0;4.6629999999999985;2.269;34.44;14.429999999999998;64.47999999999999
81.0;95.0;47.0;4.689000000000001;2.272;34.87;14.46;64.28999999999999
81.0;95.0;48.0;4.699;2.258;33.66;14.889999999999995;64.10000000000001
81.0;95.0;49.0;4.743;2.265;33.8;15.05;63.89999999999999
81.0;95.0;50.0;5.003;2.205;31.520000000000003;15.8;62.3
81.0;96.0;45.0;4.0920000000000005;2.324;32.910000000000004;13.05;67.15
81.0;96.0;46.0;4.105;2.3120000000000003;35.51;11.87;66.99
81.0;96.0;47.0;4.1099999999999985;2.3;33.37;12.040000000000004;66.79999999999998
81.0;96.0;48.0;4.143;2.309;34.260000000000005;12.54;66.60000000000001
81.0;96.0;49.0;4.357;2.255;36.38;12.02;64.91999999999999
81.0;96.0;50.0;4.389000000000001;2.249;33.64999999999999;13.48;64.72999999999999
91.0;93.0;45.0;5.186;2.333;31.77;18.32;64.0
91.0;93.0;46.0;5.115;2.324;32.300000000000004;18.16;63.89999999999999
91.0;93.0;47.0;5.377000000000002;2.2789999999999995;30.74;18.73;62.5
91.0;93.0;48.0;5.379999999999999;2.292;30.610000000000007;18.64;62.39999999999999
91.0;93.0;49.0;5.4449999999999985;2.274;31.05;19.13;62.3
91.0;93.0;50.0;5.478;2.263;28.62;19.65;62.2
91.0;94.0;45.0;4.708;2.342;29.92;17.11;65.17
91.0;94.0;46.0;4.7219999999999995;2.3369999999999997;32.53;16.440000000000005;65.07000000000001
91.0;94.0;47.0;4.791;2.322;30.03;17.169999999999995;64.93999999999998
91.0;94.0;48.0;4.769;2.317;31.46;16.71;64.79999999999998
91.0;94.0;49.0;4.7650000000000015;2.324;32.67;16.569999999999997;64.72
91.0;94.0;50.0;4.776;2.3209999999999997;31.279999999999994;17.000000000000004;64.61000000000001
91.0;95.0;45.0;4.178;2.369;31.599999999999994;14.52;67.70000000000002
91.0;95.0;46.0;4.21;2.3750000000000004;30.640000000000004;14.71;67.59
91.0;95.0;47.0;4.1930000000000005;2.363;30.93;14.720000000000002;67.46
91.0;95.0;48.0;4.271000000000001;2.376;32.410000000000004;14.74;67.38999999999999
91.0;95.0;49.0;4.237;2.3569999999999998;30.870000000000005;14.85;67.27000000000001
91.0;95.0;50.0;4.28;2.367;32.480000000000004;14.34;67.17000000000002
91.0;96.0;45.0;3.753;2.419;33.83;12.169999999999998;70.29999999999998
91.0;96.0;46.0;3.739;2.4210000000000003;35.32;11.55;70.20000000000002
91.0;96.0;47.0;3.794;2.419;34.74999999999999;12.010000000000002;70.07000000000001
91.0;96.0;48.0;3.7710000000000012;2.4140000000000006;34.99;11.34;69.97999999999999
91.0;96.0;49.0;3.767;2.41;34.61;11.919999999999998;69.87999999999998
91.0;96.0;50.0;3.7819999999999987;2.401;33.42999999999999;11.919999999999998;69.76
1.0;93.0;42.0;8.951;1.9869999999999999;33.27;21.340000000000003;52.39999999999999
1.0;94.0;42.0;7.522000000000001;2.021;33.39999999999999;19.58;54.57000000000001
1.0;95.0;42.0;6.377000000000002;2.045;34.959999999999994;15.710000000000004;56.78000000000001
1.0;96.0;42.0;5.431;2.082;36.69000000000001;13.52;59.09000000000001
11.0;93.0;42.0;9.103;1.985;32.370000000000005;21.31;52.39999999999999
11.0;94.0;42.0;7.3839999999999995;2.0180000000000002;35.61;18.18;54.60000000000001
11.0;95.0;42.0;6.31;2.053;35.18;15.939999999999998;56.8
11.0;96.0;42.0;5.4300000000000015;2.0780000000000003;35.21;13.51;59.10000000000001
21.0;93.0;42.0;8.862;1.992;31.06;21.65;52.60000000000001
21.0;94.0;42.0;7.308;2.026;34.62;18.35;54.77
21.0;95.0;42.0;6.2650000000000015;2.0620000000000003;36.68;15.81;57.0
21.0;96.0;42.0;5.346000000000001;2.09;37.9;12.88;59.29
31.0;93.0;42.0;8.061;2.025;33.97000000000001;20.06;54.10000000000001
31.0;94.0;42.0;6.769;2.068;35.07;17.82;56.3
31.0;95.0;42.0;6.208000000000001;2.072;34.58;15.91;57.29
31.0;96.0;42.0;5.297999999999999;2.103;36.89;13.14;59.60000000000001
41.0;93.0;42.0;7.889000000000001;2.048;32.87;20.910000000000004;54.59000000000001
41.0;94.0;42.0;6.582999999999999;2.076;33.55;18.28;56.8
41.0;95.0;42.0;5.665000000000001;2.112;33.790000000000006;15.81;59.08000000000001
41.0;96.0;42.0;4.94;2.15;35.44;12.81;61.39999999999999
51.0;93.0;42.0;7.141;2.101;32.870000000000005;20.130000000000006;56.39999999999999
51.0;94.0;42.0;6.483;2.095999999999999;32.14;18.68;57.39999999999999
51.0;95.0;42.0;5.532000000000001;2.142;34.129999999999995;15.289999999999996;59.7
51.0;96.0;42.0;4.8069999999999995;2.165;36.34;12.499999999999998;62.03000000000001
61.0;93.0;42.0;6.7;2.124;31.99;20.12;57.11
61.0;94.0;42.0;5.962000000000001;2.168;32.760000000000005;17.82;59.42
61.0;95.0;42.0;5.122000000000001;2.191;34.53;15.1;61.79
61.0;96.0;42.0;4.439;2.229;35.84;12.57;64.22
71.0;93.0;42.0;6.251;2.1900000000000004;29.940000000000005;20.18;59.3
71.0;94.0;42.0;5.354;2.2319999999999998;33.32;16.740000000000002;61.69000000000001
71.0;95.0;42.0;4.700999999999999;2.2660000000000005;33.239999999999995;15.02;64.10000000000001
71.0;96.0;42.0;4.0760000000000005;2.289;36.67;11.899999999999995;66.60000000000001
81.0;93.0;42.0;5.57;2.26;28.58;19.36;61.7
81.0;94.0;42.0;4.891;2.313;31.2;16.73;64.10000000000001
81.0;95.0;42.0;4.299999999999999;2.344;34.07;14.260000000000002;66.60000000000001
81.0;96.0;42.0;4.0230000000000015;2.342;34.0;12.15;67.79999999999998
91.0;93.0;42.0;5.082000000000002;2.35;30.9;18.21;64.29999999999998
91.0;94.0;42.0;4.516;2.403;31.8;16.339999999999996;66.79999999999998
91.0;95.0;42.0;4.1610000000000005;2.397;33.94;14.2;68.02000000000001
91.0;96.0;42.0;3.737;2.438;34.33;12.03;70.61
1.0;93.0;43.0;9.617;1.964;32.63999999999999;22.020000000000003;51.60000000000001
1.0;94.0;43.0;8.717999999999998;1.9660000000000004;35.56;18.96;52.49
1.0;95.0;43.0;7.1320000000000014;2.0;34.67;16.81;54.60000000000001
1.0;96.0;43.0;6.002999999999999;2.021;35.77999999999999;13.7;56.89999999999999
11.0;93.0;43.0;9.505;1.9680000000000002;33.63;21.5;51.7
11.0;94.0;43.0;7.859;1.999;35.37000000000001;18.110000000000007;53.85999999999999
11.0;95.0;43.0;7.047000000000001;1.993;35.97000000000001;16.639999999999993;54.73
11.0;96.0;43.0;5.896;2.027;38.94;13.279999999999998;57.0
21.0;93.0;43.0;9.462;1.976;33.6;21.31;51.92
21.0;94.0;43.0;7.6960000000000015;2.002;35.21;18.67;54.10000000000001
21.0;95.0;43.0;6.567;2.0380000000000003;35.52999999999999;16.349999999999998;56.3
21.0;96.0;43.0;5.8050000000000015;2.033;38.11000000000001;13.429999999999998;57.2
31.0;93.0;43.0;9.058;1.982;31.670000000000005;21.58;52.3
31.0;94.0;43.0;7.460000000000001;2.012;35.10000000000001;18.630000000000006;54.5
31.0;95.0;43.0;6.321000000000001;2.05;35.74999999999999;15.45;56.7
31.0;96.0;43.0;5.363;2.082;35.87;13.43;59.0
41.0;93.0;43.0;8.094;2.023;32.92;20.34;54.05
41.0;94.0;43.0;6.855000000000001;2.0669999999999997;36.53;17.330000000000002;56.3
41.0;95.0;43.0;6.218;2.072;35.32;16.009999999999998;57.2
41.0;96.0;43.0;5.238;2.088;36.81;13.05;59.5
51.0;93.0;43.0;7.897;2.0490000000000004;29.22000000000001;21.48;54.7
51.0;94.0;43.0;6.517;2.086;33.43;18.16;56.90999999999999
51.0;95.0;43.0;5.6339999999999995;2.117;33.800000000000004;15.81;59.2
51.0;96.0;43.0;4.851000000000001;2.151;35.55999999999999;13.06;61.60000000000001
61.0;93.0;43.0;6.944;2.108;33.08;20.23;56.8
61.0;94.0;43.0;6.0120000000000005;2.1519999999999997;31.9;18.49;59.09000000000001
61.0;95.0;43.0;5.134;2.187;36.01;15.160000000000002;61.39999999999999
61.0;96.0;43.0;4.51;2.217;37.55;12.260000000000002;63.88
71.0;93.0;43.0;6.261;2.1770000000000005;31.85;19.45;59.0
71.0;94.0;43.0;5.404000000000001;2.217;33.64;17.150000000000002;61.39999999999999
71.0;95.0;43.0;4.993;2.22;32.58;15.250000000000005;62.48
71.0;96.0;43.0;4.297;2.242;37.05;12.11;64.89999999999999
81.0;93.0;43.0;5.622999999999999;2.2440000000000007;32.17;19.130000000000006;61.5
81.0;94.0;43.0;4.885;2.299;30.89;17.6;63.89999999999999
81.0;95.0;43.0;4.5379999999999985;2.2950000000000004;31.78;15.41;65.08000000000001
81.0;96.0;43.0;4.007;2.3280000000000003;32.83;12.73;67.59
91.0;93.0;43.0;5.1160000000000005;2.334;29.880000000000006;18.8;64.20000000000002
91.0;94.0;43.0;4.4689999999999985;2.387;31.65;16.119999999999994;66.70000000000002
91.0;95.0;43.0;4.176;2.398;32.05;14.25;67.89999999999999
91.0;96.0;43.0;3.709;2.431;33.39;11.94;70.5
1.0;93.0;44.0;11.73;1.9080000000000001;33.15000000000001;21.790000000000006;49.60000000000001
1.0;94.0;44.0;9.023;1.94;35.3;19.49;51.7
1.0;95.0;44.0;7.449000000000002;1.98;36.6;16.66;53.89999999999999
1.0;96.0;44.0;6.666999999999999;1.9710000000000003;39.86;13.51;54.7
11.0;93.0;44.0;10.81;1.915;34.16;21.38;49.8
11.0;94.0;44.0;9.007000000000003;1.94;34.160000000000004;19.2;51.89999999999999
11.0;95.0;44.0;7.495999999999999;1.974;35.41;17.08;54.09000000000001
11.0;96.0;44.0;6.13;2.004;39.83;13.2;56.3
21.0;93.0;44.0;10.78;1.924;34.36;21.65;50.10000000000001
21.0;94.0;44.0;8.834;1.956;36.46000000000001;18.34;52.2
21.0;95.0;44.0;7.3020000000000005;1.99;36.36;16.33;54.39999999999999
21.0;96.0;44.0;6.049;2.0180000000000002;37.91;13.72;56.60000000000001
31.0;93.0;44.0;9.582;1.969;32.75000000000001;21.85;51.78000000000001
31.0;94.0;44.0;7.975;2.0;34.660000000000004;18.82;53.89999999999999
31.0;95.0;44.0;7.047000000000001;2.001;34.029999999999994;16.85;54.8
31.0;96.0;44.0;5.886999999999999;2.03;38.76000000000001;13.32;57.01000000000001
41.0;93.0;44.0;9.068;1.99;33.13;21.16;52.3
41.0;94.0;44.0;7.471999999999999;2.0129999999999995;36.36;18.270000000000003;54.5
41.0;95.0;44.0;6.312;2.0580000000000007;34.53;16.25;56.7
41.0;96.0;44.0;5.399;2.075;36.89;13.26;59.0
51.0;93.0;44.0;8.074;2.032;34.17;20.530000000000005;54.3
51.0;94.0;44.0;6.699;2.073;32.65;19.03;56.5
51.0;95.0;44.0;5.722;2.115;36.79;15.74;58.8
51.0;96.0;44.0;5.258999999999999;2.1;35.31;13.44;59.77
61.0;93.0;44.0;7.2120000000000015;2.093;32.410000000000004;20.15;56.40999999999999
61.0;94.0;44.0;6.017999999999999;2.137;33.83;17.7;58.7
61.0;95.0;44.0;5.569000000000001;2.135;33.36;15.71;59.7
61.0;96.0;44.0;4.853;2.1620000000000004;35.56;12.85;62.08000000000001
71.0;93.0;44.0;6.3130000000000015;2.1630000000000003;31.08;19.92;58.78
71.0;94.0;44.0;5.7620000000000005;2.1630000000000003;31.279999999999994;18.59;59.8
71.0;95.0;44.0;5.033;2.21;34.779999999999994;14.94;62.2
71.0;96.0;44.0;4.397;2.2430000000000003;34.260000000000005;13.04;64.61
81.0;93.0;44.0;5.736000000000001;2.249;30.39;19.22;61.290000000000006
81.0;94.0;44.0;5.222;2.2470000000000003;31.920000000000005;17.15;62.39999999999999
81.0;95.0;44.0;4.578999999999999;2.285;30.72;15.139999999999995;64.85
81.0;96.0;44.0;4.05;2.326;35.07;11.94;67.39
91.0;93.0;44.0;5.145000000000001;2.343;29.26;19.5;64.10000000000001
91.0;94.0;44.0;4.495;2.374;31.110000000000007;15.919999999999998;66.60000000000001
91.0;95.0;44.0;4.1869999999999985;2.399;34.29;14.079999999999998;67.79999999999998
91.0;96.0;44.0;3.7070000000000007;2.435;32.53;12.210000000000004;70.39999999999998
1.0;93.0;41.0;7.874;2.037;33.38;20.63;54.39999999999999
1.0;94.0;41.0;6.689;2.0760000000000005;32.5;18.58;56.64000000000001
1.0;95.0;41.0;5.682;2.107;35.5;15.63;58.92999999999999
1.0;96.0;41.0;4.983999999999999;2.1460000000000004;36.03;12.44;61.3
11.0;93.0;41.0;7.943;2.041;33.12;20.77;54.39999999999999
11.0;94.0;41.0;6.766999999999999;2.0740000000000003;33.08;18.81;56.60000000000001
11.0;95.0;41.0;5.745;2.112;35.02;15.6;58.89999999999999
11.0;96.0;41.0;4.949;2.141;36.88;13.039999999999996;61.25
21.0;93.0;41.0;7.951;2.0420000000000003;32.92;20.6;54.5
21.0;94.0;41.0;6.722;2.079;33.290000000000006;18.62;56.7
21.0;95.0;41.0;5.619;2.107;34.8;15.55;59.0
21.0;96.0;41.0;4.9129999999999985;2.145;38.73;12.27;61.31999999999999
31.0;93.0;41.0;7.904000000000001;2.051;33.09;20.380000000000006;54.7
31.0;94.0;41.0;6.676;2.0869999999999997;31.23;19.4;56.89999999999999
31.0;95.0;41.0;5.644;2.123;34.67;15.64;59.2
31.0;96.0;41.0;4.852;2.154;38.52;12.56;61.60000000000001
41.0;93.0;41.0;7.2010000000000005;2.099;32.75;20.370000000000005;56.3
41.0;94.0;41.0;6.481999999999998;2.096;32.81;18.78;57.3
41.0;95.0;41.0;5.574;2.133;35.76000000000001;15.21;59.60000000000001
41.0;96.0;41.0;4.7890000000000015;2.162;34.77;13.329999999999998;61.99
51.0;93.0;41.0;6.931;2.109000000000001;32.45;20.270000000000003;56.81
51.0;94.0;41.0;6.002000000000001;2.153;32.62;17.229999999999997;59.10000000000001
51.0;95.0;41.0;5.192;2.185;31.72;15.6;61.48
51.0;96.0;41.0;4.5120000000000005;2.226;37.75000000000001;12.29;63.89999999999999
61.0;93.0;41.0;6.332999999999999;2.166;32.980000000000004;19.270000000000003;58.71
61.0;94.0;41.0;5.803999999999999;2.176;33.3;17.110000000000007;59.8
61.0;95.0;41.0;5.01;2.2159999999999997;35.23999999999999;14.79;62.19000000000001
61.0;96.0;41.0;4.425000000000002;2.249;34.14;12.72;64.60000000000001
71.0;93.0;41.0;6.1370000000000005;2.194;31.3;19.380000000000006;59.60000000000001
71.0;94.0;41.0;5.3020000000000005;2.2350000000000003;32.98;17.54;61.99
71.0;95.0;41.0;4.5939999999999985;2.274;33.230000000000004;15.169999999999998;64.39999999999999
71.0;96.0;41.0;4.117;2.312;35.029999999999994;12.34;66.89999999999999
81.0;93.0;41.0;5.571000000000001;2.266;30.14;19.18;61.89999999999999
81.0;94.0;41.0;4.832000000000002;2.311;30.01;17.45;64.29999999999998
81.0;95.0;41.0;4.263;2.345;33.84;14.13;66.79999999999998
81.0;96.0;41.0;3.819;2.414;36.21;11.53;69.39999999999999
91.0;93.0;41.0;5.0889999999999995;2.351;30.569999999999997;18.82;64.39999999999999
91.0;94.0;41.0;4.459;2.386;32.06999999999999;15.91;66.89999999999999
91.0;95.0;41.0;3.9730000000000003;2.448;31.570000000000004;13.830000000000002;69.47999999999999
91.0;96.0;41.0;3.71;2.45;34.86;11.237999999999998;70.73
5.0;93.0;46.0;14.510000000000002;1.8459999999999999;36.93;21.62;47.10000000000001
5.0;94.0;46.0;12.340000000000002;1.845;34.07;20.700000000000006;47.8
5.0;95.0;46.0;10.036;1.875;36.98;17.64;49.89999999999999
5.0;96.0;46.0;7.922999999999999;1.902;39.65;14.15;52.0
15.0;93.0;46.0;14.03;1.858;33.629999999999995;22.49;47.39999999999999
15.0;94.0;46.0;10.607;1.8840000000000001;34.419999999999995;19.68;49.5
15.0;95.0;46.0;8.446000000000002;1.9170000000000005;38.96;16.339999999999996;51.60000000000001
15.0;96.0;46.0;7.747999999999999;1.9080000000000001;37.57;13.98;52.31
25.0;93.0;46.0;13.410000000000002;1.87;32.69;22.85;47.89999999999999
25.0;94.0;46.0;10.368;1.899;36.01000000000001;19.56;49.89999999999999
25.0;95.0;46.0;8.199000000000002;1.9239999999999997;37.07;17.009999999999998;52.01000000000001
25.0;96.0;46.0;6.818;1.956;39.87000000000001;13.81;54.2
35.0;93.0;46.0;11.420000000000002;1.9120000000000004;32.559999999999995;21.88;49.7
35.0;94.0;46.0;9.027999999999999;1.953;36.74;18.47;51.8
35.0;95.0;46.0;7.263999999999999;1.9790000000000003;36.91;16.03;54.0
35.0;96.0;46.0;6.08;2.001;38.23;13.63;56.25
45.0;93.0;46.0;9.509;1.9630000000000003;33.95;21.250000000000004;51.7
45.0;94.0;46.0;7.8020000000000005;1.9989999999999997;36.14;18.130000000000006;53.89999999999999
45.0;95.0;46.0;7.092999999999999;1.994;35.6;16.34;54.71
45.0;96.0;46.0;5.931;2.03;36.12000000000001;14.23;57.0
55.0;93.0;46.0;8.289000000000001;2.016;33.74;20.43;53.89999999999999
55.0;94.0;46.0;7.441;2.023;33.83;18.829999999999995;54.8
55.0;95.0;46.0;6.263999999999999;2.057;35.98000000000001;15.75;57.0
55.0;96.0;46.0;5.4110000000000005;2.088;37.13;13.27;59.3
65.0;93.0;46.0;7.247999999999998;2.092;33.16;20.02;56.2
65.0;94.0;46.0;6.613;2.094;33.3;18.39;57.2
65.0;95.0;46.0;5.547999999999999;2.132000000000001;35.28999999999999;15.47;59.5
65.0;96.0;46.0;4.798;2.1590000000000003;37.12;12.68;61.86999999999999
75.0;93.0;46.0;6.282;2.165;32.459999999999994;19.53;58.8
75.0;94.0;46.0;5.808999999999998;2.1630000000000003;32.129999999999995;17.879999999999995;59.8
75.0;95.0;46.0;4.9700000000000015;2.2;34.15;15.27;62.19000000000001
75.0;96.0;46.0;4.401000000000002;2.244;34.72000000000001;12.41;64.61
85.0;93.0;46.0;5.625;2.26;28.93000000000001;19.74;61.59000000000001
85.0;94.0;46.0;4.895999999999999;2.306;32.910000000000004;16.949999999999996;64.0
85.0;95.0;46.0;4.527;2.298;32.64;15.01;65.10000000000001
85.0;96.0;46.0;3.9930000000000008;2.334;34.00000000000001;12.46;67.62000000000002
95.0;93.0;46.0;5.065;2.3580000000000005;30.22;18.4;64.68
95.0;94.0;46.0;4.485999999999999;2.401;32.34;16.35;67.20000000000002
95.0;95.0;46.0;3.997;2.463;31.97000000000001;13.760000000000002;69.76
95.0;96.0;46.0;3.5740000000000003;2.506;33.86999999999999;11.402000000000001;72.44
5.0;93.0;50.0;36.64999999999999;1.7080000000000002;37.81;23.28;41.01000000000001
5.0;94.0;50.0;24.219999999999995;1.7290000000000003;39.18;21.37;42.92999999999999
5.0;95.0;50.0;16.619999999999994;1.754;38.87000000000001;18.4;44.89999999999999
5.0;96.0;50.0;14.060000000000002;1.751;38.36;15.999999999999995;45.39999999999999
15.0;93.0;50.0;36.01000000000001;1.7150000000000003;35.55;24.290000000000006;41.5
15.0;94.0;50.0;22.15;1.7399999999999998;35.959999999999994;22.03;43.39999999999999
15.0;95.0;50.0;14.789999999999996;1.7599999999999998;38.03000000000001;18.57;45.38999999999999
15.0;96.0;50.0;11.1;1.789;40.6;15.080000000000002;47.39999999999999
25.0;93.0;50.0;23.73;1.7589999999999997;34.790000000000006;23.92;43.39999999999999
25.0;94.0;50.0;16.64;1.785;37.77;20.39;45.31
25.0;95.0;50.0;12.34;1.811;38.63;17.41;47.35
25.0;96.0;50.0;9.37;1.835;39.48;14.829999999999998;49.39999999999999
35.0;93.0;50.0;17.75;1.8060000000000005;34.77;23.15;45.39999999999999
35.0;94.0;50.0;13.13;1.83;37.39;20.469999999999995;47.39999999999999
35.0;95.0;50.0;10.025;1.864;38.790000000000006;17.25;49.5
35.0;96.0;50.0;8.116000000000001;1.885;39.01000000000001;14.14;51.60000000000001
45.0;93.0;50.0;13.78;1.859;33.629999999999995;22.78;47.60000000000001
45.0;94.0;50.0;10.670000000000002;1.8880000000000001;35.459999999999994;19.980000000000004;49.60000000000001
45.0;95.0;50.0;8.467;1.922;36.94000000000001;17.3;51.78000000000001
45.0;96.0;50.0;6.961;1.942;39.03;14.09;53.94
55.0;93.0;50.0;11.18;1.919;33.33;22.050000000000004;49.89999999999999
55.0;94.0;50.0;8.791999999999998;1.953;34.71;19.07;52.02
55.0;95.0;50.0;7.126;1.982;36.23;16.71;54.2
55.0;96.0;50.0;6.1;2.007;37.37000000000001;13.82;56.48
65.0;93.0;50.0;8.906;1.981;33.31;20.97;52.49
65.0;94.0;50.0;7.497000000000001;2.022;32.85;18.69;54.64000000000001
65.0;95.0;50.0;6.308;2.052;34.77;16.520000000000003;56.89999999999999
65.0;96.0;50.0;5.36;2.082;36.16;13.279999999999998;59.2
75.0;93.0;50.0;6.997000000000001;2.095;32.35;20.11;56.60000000000001
75.0;94.0;50.0;5.960000000000001;2.136;34.1;17.72;58.89999999999999
75.0;95.0;50.0;5.2139999999999995;2.176;36.85;14.960000000000004;61.29
75.0;96.0;50.0;4.793;2.1690000000000005;35.60000000000001;12.820000000000002;62.2
85.0;93.0;50.0;6.065;2.194;30.249999999999996;19.94;59.68000000000001
85.0;94.0;50.0;5.236999999999999;2.2340000000000004;33.97;16.549999999999994;62.0
85.0;95.0;50.0;4.658;2.28;32.14;15.23;64.47
85.0;96.0;50.0;4.098;2.32;33.46;12.21;67.0
95.0;93.0;50.0;5.058999999999998;2.35;32.39;18.25;64.39999999999999
95.0;94.0;50.0;4.4639999999999995;2.387;30.1;16.65;66.91999999999999
95.0;95.0;50.0;3.972;2.451;33.89;14.029999999999998;69.5
95.0;96.0;50.0;3.731;2.445;33.45;11.54;70.66
5.0;93.0;40.0;7.272;2.1;31.03;20.47;56.42999999999999
5.0;94.0;40.0;6.055999999999999;2.131;35.55000000000001;17.44;58.7
5.0;95.0;40.0;5.492000000000001;2.133;35.38;15.360000000000005;59.77
5.0;96.0;40.0;4.827;2.1670000000000003;34.15;13.3;62.10000000000001
15.0;93.0;40.0;7.067;2.096;32.12;20.35;56.37999999999998
15.0;94.0;40.0;6.507999999999999;2.095;34.36;18.18;57.39999999999999
15.0;95.0;40.0;5.492000000000001;2.1380000000000003;34.27;15.579999999999998;59.69
15.0;96.0;40.0;4.824;2.16;35.11;13.09;62.02
25.0;93.0;40.0;7.159999999999998;2.104;32.779999999999994;20.1;56.39999999999999
25.0;94.0;40.0;6.082999999999999;2.137;35.11999999999999;17.69;58.7
25.0;95.0;40.0;5.553000000000001;2.1420000000000003;34.83;15.84;59.74000000000001
25.0;96.0;40.0;4.83;2.1590000000000003;35.27;13.039999999999996;62.10000000000001
35.0;93.0;40.0;7.071000000000001;2.1060000000000003;31.46999999999999;20.01;56.60000000000001
35.0;94.0;40.0;6.013;2.142;34.77;17.559999999999995;58.89999999999999
35.0;95.0;40.0;5.199999999999998;2.18;34.779999999999994;15.170000000000002;61.27
35.0;96.0;40.0;4.7570000000000014;2.1790000000000003;35.45;12.88;62.3
45.0;93.0;40.0;7.007999999999999;2.119;30.79;20.18;57.0
45.0;94.0;40.0;5.924999999999999;2.15;32.629999999999995;17.71;59.3
45.0;95.0;40.0;5.086;2.184;35.87999999999999;14.94;61.64000000000001
45.0;96.0;40.0;4.4430000000000005;2.227;36.27;12.66;64.10000000000001
55.0;93.0;40.0;6.3870000000000005;2.166;31.320000000000004;19.93;58.7
55.0;94.0;40.0;5.832999999999999;2.1710000000000003;31.95;18.09;59.8
55.0;95.0;40.0;4.954;2.205;33.18;14.85;62.19000000000001
55.0;96.0;40.0;4.385999999999999;2.242;35.27;12.2;64.60000000000001
65.0;93.0;40.0;6.106;2.192;30.799999999999994;20.14;59.39999999999999
65.0;94.0;40.0;5.335;2.2340000000000004;31.69;17.18;61.77000000000002
65.0;95.0;40.0;4.6709999999999985;2.266;33.14;15.01;64.20000000000002
65.0;96.0;40.0;4.147;2.311;33.43;12.17;66.69000000000001
75.0;93.0;40.0;5.651999999999999;2.255;29.33;19.160000000000004;61.5
75.0;94.0;40.0;4.915000000000001;2.297;31.81;17.17;63.89999999999999
75.0;95.0;40.0;4.517;2.3;31.460000000000008;14.88;65.10000000000001
75.0;96.0;40.0;4.013;2.3429999999999995;33.58;12.3;67.59
85.0;93.0;40.0;5.401999999999999;2.2960000000000003;29.93;19.24;62.58000000000001
85.0;94.0;40.0;4.821000000000001;2.3470000000000004;29.93;17.05;64.99
85.0;95.0;40.0;4.224;2.386;33.65;13.96;67.5
85.0;96.0;40.0;3.767;2.4080000000000004;35.1;11.44;70.08000000000001
95.0;93.0;40.0;4.919;2.3710000000000004;29.749999999999996;18.27;65.06
95.0;94.0;40.0;4.4;2.414;28.76;17.04;67.57000000000001
95.0;95.0;40.0;3.952;2.478;31.93;13.91;70.13000000000002
95.0;96.0;40.0;3.534;2.511;33.25;11.356;72.79999999999998
5.0;93.0;49.0;25.940000000000005;1.743;36.23;23.61;42.8
5.0;94.0;49.0;20.660000000000004;1.7439999999999998;36.17;21.77;43.39999999999999
5.0;95.0;49.0;15.960000000000004;1.765;37.17;18.68;45.39999999999999
5.0;96.0;49.0;11.59;1.7910000000000004;40.46;14.669999999999998;47.39999999999999
15.0;93.0;49.0;26.110000000000007;1.755;37.72;22.750000000000004;43.3
15.0;94.0;49.0;16.41;1.7779999999999998;37.00000000000001;21.23;45.2
15.0;95.0;49.0;12.52;1.805;37.64;18.1;47.2
15.0;96.0;49.0;9.587999999999996;1.834;40.68000000000001;14.7;49.3
25.0;93.0;49.0;18.71;1.7960000000000005;35.48999999999999;23.29;45.10000000000001
25.0;94.0;49.0;13.72;1.829;37.40000000000001;19.94;47.10000000000001
25.0;95.0;49.0;12.18;1.82;36.01000000000001;18.22;47.8
25.0;96.0;49.0;9.378;1.8419999999999999;38.08;14.929999999999998;49.84
35.0;93.0;49.0;14.01;1.842;36.55;22.4;47.10000000000001
35.0;94.0;49.0;12.38;1.845;36.31;19.9;47.8
35.0;95.0;49.0;9.694;1.872;38.48;17.009999999999998;49.89999999999999
35.0;96.0;49.0;7.7200000000000015;1.896;39.71999999999999;13.939999999999998;52.0
45.0;93.0;49.0;11.64;1.893;33.459999999999994;22.660000000000004;49.27
45.0;94.0;49.0;10.407;1.898;34.13;20.18;50.0
45.0;95.0;49.0;8.222000000000001;1.921;35.56;17.35;52.10000000000001
45.0;96.0;49.0;6.848999999999998;1.951;36.790000000000006;14.19;54.3
55.0;93.0;49.0;9.754;1.9610000000000003;35.57;20.62;51.60000000000001
55.0;94.0;49.0;8.486;1.96;33.440000000000005;19.51;52.38
55.0;95.0;49.0;7.183;1.995;37.00999999999999;15.74;54.540000000000006
55.0;96.0;49.0;5.947999999999999;2.0180000000000002;37.25;13.76;56.790000000000006
65.0;93.0;49.0;8.147;2.031;32.95;20.800000000000004;54.09000000000001
65.0;94.0;49.0;6.847;2.071;34.68;18.03;56.3
65.0;95.0;49.0;6.175000000000002;2.063;34.38;16.309999999999995;57.2
65.0;96.0;49.0;5.311;2.095;37.08;13.16;59.5
75.0;93.0;49.0;6.994;2.108;32.54;20.2;56.8
75.0;94.0;49.0;5.9270000000000005;2.138;33.34;18.23;59.10000000000001
75.0;95.0;49.0;5.178999999999999;2.1890000000000005;33.67;15.34;61.5
75.0;96.0;49.0;4.5230000000000015;2.2190000000000003;36.12;12.080000000000002;63.92
85.0;93.0;49.0;6.0489999999999995;2.205;32.27;19.61;59.8
85.0;94.0;49.0;5.325;2.242;31.640000000000004;17.41;62.2
85.0;95.0;49.0;4.614;2.287;34.15;14.54;64.62
85.0;96.0;49.0;4.066;2.3200000000000003;34.64;12.11;67.16
95.0;93.0;49.0;5.007;2.344;29.62;18.6;64.49
95.0;94.0;49.0;4.484;2.39;31.22000000000001;16.000000000000004;66.99
95.0;95.0;49.0;3.9819999999999998;2.454;31.65;14.27;69.57000000000001
95.0;96.0;49.0;3.675;2.432;33.33;11.97;70.70000000000002
5.0;93.0;44.0;11.19;1.914;33.67;21.98;49.7
5.0;93.0;45.0;13.2;1.867;34.64;22.24;47.71
5.0;94.0;44.0;8.911000000000003;1.946;35.48999999999999;19.480000000000004;51.8
5.0;94.0;45.0;10.545000000000002;1.891;34.52;20.41;49.8
5.0;95.0;44.0;7.359;1.974;37.67;15.72;53.90999999999999
5.0;95.0;45.0;8.458000000000002;1.919;36.37;16.85;51.89999999999999
5.0;96.0;44.0;6.713000000000001;1.9650000000000003;38.18;13.77;54.79
5.0;96.0;45.0;6.8980000000000015;1.952;38.64;13.72;54.10000000000001
15.0;93.0;44.0;10.96;1.918;31.35;22.73;49.89999999999999
15.0;93.0;45.0;11.64;1.899;35.69000000000001;21.18;49.3
15.0;94.0;44.0;8.854;1.946;32.709999999999994;20.23;52.0
15.0;94.0;45.0;10.117;1.9040000000000001;35.88;19.75;50.09000000000001
15.0;95.0;44.0;7.270999999999999;1.983;36.08;16.47;54.17
15.0;95.0;45.0;8.216000000000001;1.9340000000000002;38.74999999999999;16.630000000000006;52.2
15.0;96.0;44.0;6.122999999999999;2.005;36.66;14.03;56.39999999999999
15.0;96.0;45.0;6.752000000000001;1.96;39.85000000000001;13.6;54.39
25.0;93.0;44.0;9.819;1.96;34.8;21.29;51.5
25.0;93.0;45.0;11.207;1.91;33.239999999999995;22.11;49.7
25.0;94.0;44.0;8.751000000000001;1.9569999999999999;34.2;18.9;52.38
25.0;94.0;45.0;8.922;1.936;34.38;19.380000000000006;51.79
25.0;95.0;44.0;7.129;1.997;36.63;16.32;54.5
25.0;95.0;45.0;7.252000000000001;1.975;36.31;16.300000000000004;53.96
25.0;96.0;44.0;5.9479999999999995;2.02;37.91;13.38;56.75
25.0;96.0;45.0;6.622999999999998;1.97;36.68;14.05;54.78
35.0;93.0;44.0;9.478;1.9709999999999999;32.03;21.15;52.0
35.0;93.0;45.0;10.81;1.925;33.96;21.51;50.2
35.0;94.0;44.0;7.7810000000000015;2.006;35.790000000000006;18.43;54.10000000000001
35.0;94.0;45.0;8.687999999999999;1.965;33.99;19.59;52.3
35.0;95.0;44.0;6.543000000000001;2.036;35.76;16.09;56.36999999999999
35.0;95.0;45.0;7.218000000000001;1.988;35.16;16.749999999999996;54.5
35.0;96.0;44.0;5.811;2.033;36.95;14.06;57.24000000000001
35.0;96.0;45.0;5.999;2.0180000000000002;38.25;13.73;56.75
45.0;93.0;44.0;8.376999999999999;2.0269999999999997;31.74;20.97;53.81
45.0;93.0;45.0;9.225;1.98;31.570000000000004;21.62;52.14000000000001
45.0;94.0;44.0;7.4090000000000025;2.0249999999999995;34.480000000000004;18.69;54.8
45.0;94.0;45.0;7.6919999999999975;2.0069999999999997;34.46;18.94;54.3
45.0;95.0;44.0;6.222;2.064;36.73;15.64;57.0
45.0;95.0;45.0;6.494;2.0489999999999995;36.02;15.89;56.53000000000001
45.0;96.0;44.0;5.327999999999999;2.081;36.95;13.32;59.3
45.0;96.0;45.0;5.502999999999999;2.072;36.69;13.52;58.86
55.0;93.0;44.0;7.914;2.042;30.059999999999995;21.12;54.60000000000001
55.0;93.0;45.0;8.04;2.032;33.72;20.07;54.21999999999999
55.0;94.0;44.0;6.666;2.075;33.96;18.26;56.86999999999999
55.0;94.0;45.0;6.6930000000000005;2.0709999999999997;34.52;18.34;56.48
55.0;95.0;44.0;5.684;2.111;34.49;15.94;59.14000000000001
55.0;95.0;45.0;5.815;2.104;37.14;15.52;58.8
55.0;96.0;44.0;4.897;2.153;37.31999999999999;12.159999999999998;61.5
55.0;96.0;45.0;5.263999999999999;2.101;37.95;13.070000000000002;59.7
65.0;93.0;44.0;6.898999999999999;2.1100000000000003;31.02;20.14;56.81
65.0;93.0;45.0;7.203999999999999;2.1;31.02;20.82;56.5
65.0;94.0;44.0;5.9670000000000005;2.1430000000000002;32.69;18.130000000000006;59.10000000000001
65.0;94.0;45.0;6.023999999999999;2.136;34.2;17.699999999999996;58.8
65.0;95.0;44.0;5.167000000000001;2.189;35.77;15.01;61.5
65.0;95.0;45.0;5.497000000000001;2.128;33.86;15.48;59.8
65.0;96.0;44.0;4.513;2.215;36.52;12.32;63.92
65.0;96.0;45.0;4.774;2.182;37.6;12.466;62.19000000000001
75.0;93.0;44.0;6.194000000000001;2.19;31.48;19.22;59.26000000000001
75.0;93.0;45.0;6.268;2.1690000000000005;34.05;18.94;59.0
75.0;94.0;44.0;5.372999999999999;2.2180000000000004;33.309999999999995;16.979999999999997;61.60000000000001
75.0;94.0;45.0;5.388;2.2140000000000004;31.56;17.759999999999994;61.38999999999999
75.0;95.0;44.0;4.7029999999999985;2.265;34.28;15.03;64.05
75.0;95.0;45.0;4.934;2.2159999999999997;31.58;15.550000000000002;62.39999999999999
75.0;96.0;44.0;4.296;2.2660000000000005;34.24;12.32;65.10000000000001
75.0;96.0;45.0;4.3340000000000005;2.2510000000000003;34.89;13.170000000000002;64.85999999999999
85.0;93.0;44.0;5.598999999999998;2.272;28.73;19.590000000000003;61.89999999999999
85.0;93.0;45.0;5.569999999999999;2.255;31.22;18.79;61.7
85.0;94.0;44.0;4.948;2.3070000000000004;31.130000000000006;16.78;64.29999999999998
85.0;94.0;45.0;4.916;2.3;29.940000000000005;17.259999999999998;64.17000000000002
85.0;95.0;44.0;4.302;2.343;34.89;14.24;66.80999999999999
85.0;95.0;45.0;4.287;2.345;33.86;14.78;66.69000000000001
85.0;96.0;44.0;3.822;2.3880000000000003;34.9;11.580000000000002;69.39999999999999
85.0;96.0;45.0;4.013;2.3359999999999994;34.63;12.15;67.79999999999998
95.0;93.0;44.0;5.0089999999999995;2.345;29.74;18.66;64.78999999999999
95.0;93.0;45.0;4.979;2.356;32.53;18.16;64.70000000000002
95.0;94.0;44.0;4.441000000000002;2.403;31.14;16.369999999999994;67.29999999999998
95.0;94.0;45.0;4.408;2.406;31.309999999999995;16.380000000000006;67.20000000000002
95.0;95.0;44.0;3.921;2.4419999999999997;30.84;14.03;69.88999999999999
95.0;95.0;45.0;4.002;2.447;30.92;14.23;69.79999999999998
95.0;96.0;44.0;3.569;2.495;33.32;11.81;72.58000000000001
95.0;96.0;45.0;3.5580000000000003;2.499;33.1;11.508;72.49
5.0;93.0;41.0;7.931;2.04;32.75;20.54;54.39999999999999
5.0;93.0;42.0;9.097000000000001;1.993;34.809999999999995;20.62;52.39999999999999
5.0;93.0;43.0;9.713;1.963;34.08;20.95;51.60000000000001
5.0;94.0;41.0;6.598999999999998;2.0620000000000003;33.3;18.67;56.60000000000001
5.0;94.0;42.0;7.613999999999999;2.02;33.239999999999995;18.67;54.540000000000006
5.0;94.0;43.0;8.508000000000001;1.97;34.78000000000001;19.160000000000004;52.5
5.0;95.0;41.0;5.756;2.108;37.04;15.07;58.89999999999999
5.0;95.0;42.0;6.315;2.0600000000000005;35.17;16.310000000000002;56.790000000000006
5.0;95.0;43.0;7.05;2.003;37.37;15.54;54.7
5.0;96.0;41.0;4.953;2.145;36.76000000000001;12.88;61.28
5.0;96.0;42.0;5.401999999999999;2.089;39.54;12.62;59.09000000000001
5.0;96.0;43.0;5.979;2.019;35.48;13.63;56.89999999999999
15.0;93.0;41.0;7.940000000000002;2.041;29.75;21.9;54.39999999999999
15.0;93.0;42.0;9.001999999999997;1.9880000000000002;32.61;21.23;52.5
15.0;93.0;43.0;9.485;1.973;34.55;20.95;51.8
15.0;94.0;41.0;6.725;2.0820000000000003;32.43000000000001;18.81;56.60000000000001
15.0;94.0;42.0;7.359;2.023;35.010000000000005;18.270000000000003;54.61000000000002
15.0;94.0;43.0;7.815;1.993;35.04;18.96;53.92
15.0;95.0;41.0;5.6770000000000005;2.108;34.33;16.26;58.89999999999999
15.0;95.0;42.0;6.266;2.0620000000000003;35.14;16.270000000000003;56.88
15.0;95.0;43.0;6.972000000000001;2.005;35.34;16.04;54.8
15.0;96.0;41.0;4.932999999999999;2.1430000000000002;37.8;13.03;61.3
15.0;96.0;42.0;5.3420000000000005;2.086;37.61;13.28;59.18000000000001
15.0;96.0;43.0;5.785;2.03;38.78;13.37;57.07000000000001
25.0;93.0;41.0;7.877999999999999;2.046;31.97;20.75;54.55
25.0;93.0;42.0;8.158000000000001;2.021;33.47;20.880000000000006;53.89999999999999
25.0;93.0;43.0;9.243;1.984;34.58;20.76;52.10000000000001
25.0;94.0;41.0;6.684;2.086;32.540000000000006;18.009999999999994;56.8
25.0;94.0;42.0;7.409000000000002;2.0330000000000004;32.61;18.969999999999995;54.86999999999999
25.0;94.0;43.0;7.635;2.0090000000000003;33.309999999999995;18.910000000000004;54.2
25.0;95.0;41.0;5.7010000000000005;2.115;33.959999999999994;15.87;59.08000000000001
25.0;95.0;42.0;6.199;2.057;36.16;15.45;57.10000000000001
25.0;95.0;43.0;6.445;2.044;35.160000000000004;15.93;56.47000000000001
25.0;96.0;41.0;4.907000000000001;2.145;37.00000000000001;12.850000000000005;61.39999999999999
25.0;96.0;42.0;5.3740000000000006;2.085;35.32;13.66;59.39999999999999
25.0;96.0;43.0;5.487;2.065;37.55;13.309999999999995;58.79
35.0;93.0;41.0;7.799000000000001;2.052;32.53999999999999;20.71;54.84999999999999
35.0;93.0;42.0;8.027999999999999;2.039;30.68;21.54;54.3
35.0;93.0;43.0;9.027000000000001;1.99;34.25;20.4;52.5
35.0;94.0;41.0;6.598000000000001;2.0889999999999995;32.559999999999995;18.48;57.10000000000001
35.0;94.0;42.0;6.7139999999999995;2.063;32.21;18.48;56.5
35.0;94.0;43.0;7.492000000000001;2.022;34.19;19.04;54.69
35.0;95.0;41.0;5.5950000000000015;2.122;35.11;15.6;59.36999999999999
35.0;95.0;42.0;5.792999999999999;2.105;34.93;15.63;58.79
35.0;95.0;43.0;6.436;2.063;34.309999999999995;15.989999999999998;56.89999999999999
35.0;96.0;41.0;4.847;2.155;35.96;12.919999999999998;61.7
35.0;96.0;42.0;5.249999999999999;2.104;36.08000000000001;13.1;59.76000000000001
35.0;96.0;43.0;5.351000000000001;2.082;36.8;13.1;59.2
45.0;93.0;41.0;7.144;2.097;32.71000000000001;19.75;56.49
45.0;93.0;42.0;7.689;2.05;32.22000000000001;20.74;54.8
45.0;93.0;43.0;7.879;2.04;35.77;19.91;54.3
45.0;94.0;41.0;6.043000000000001;2.137;31.71;18.33;58.76000000000001
45.0;94.0;42.0;6.537000000000001;2.082;34.57000000000001;18.03;57.0
45.0;94.0;43.0;6.7589999999999995;2.0770000000000004;34.14;18.44;56.5
45.0;95.0;41.0;5.492999999999999;2.144;34.68;15.59;59.8
45.0;95.0;42.0;5.6450000000000005;2.123;35.42;15.2;59.3
45.0;95.0;43.0;5.808;2.106;34.71999999999999;16.13;58.8
45.0;96.0;41.0;4.738;2.177;35.94000000000001;12.8;62.19000000000001
45.0;96.0;42.0;4.801;2.151;38.7;12.38;61.68000000000001
45.0;96.0;43.0;5.203000000000001;2.108;36.59;12.91;59.79
55.0;93.0;41.0;6.879;2.1180000000000003;33.51;19.61;57.10000000000001
55.0;93.0;42.0;7.055;2.108;32.739999999999995;20.33;56.7
55.0;93.0;43.0;7.119999999999999;2.087;33.47000000000001;20.250000000000004;56.29
55.0;94.0;41.0;5.874;2.164;33.94;17.990000000000006;59.39999999999999
55.0;94.0;42.0;6.0280000000000005;2.139;34.239999999999995;17.56;58.94
55.0;94.0;43.0;6.395;2.088;32.98;18.45;57.28
55.0;95.0;41.0;5.1579999999999995;2.188;34.42;15.04;61.7
55.0;95.0;42.0;5.143999999999999;2.181;35.790000000000006;14.8;61.3
55.0;95.0;43.0;5.5939999999999985;2.136;34.77;15.34;59.53
55.0;96.0;41.0;4.4639999999999995;2.224;34.42;13.01;64.16
55.0;96.0;42.0;4.766;2.1700000000000004;35.38;12.62;62.31
55.0;96.0;43.0;4.8260000000000005;2.167;35.77999999999999;12.57;61.89999999999999
65.0;93.0;41.0;6.239999999999998;2.172;32.14;19.75;59.09000000000001
65.0;93.0;42.0;6.446000000000001;2.1670000000000003;31.87;19.6;58.7
65.0;93.0;43.0;6.739999999999998;2.117;31.100000000000005;20.54;57.18000000000001
65.0;94.0;41.0;5.4350000000000005;2.209;33.24;17.159999999999997;61.39999999999999
65.0;94.0;42.0;5.8039999999999985;2.169;33.209999999999994;17.740000000000006;59.8
65.0;94.0;43.0;5.912000000000001;2.1580000000000004;31.23;18.31;59.48
65.0;95.0;41.0;4.965;2.213;32.230000000000004;15.850000000000005;62.5
65.0;95.0;42.0;5.0920000000000005;2.205;32.040000000000006;15.669999999999998;62.18000000000001
65.0;95.0;43.0;5.1549999999999985;2.1980000000000004;32.22;15.8;61.8
65.0;96.0;41.0;4.383;2.261;34.65000000000001;12.69;64.94
65.0;96.0;42.0;4.398999999999999;2.249;34.65;12.18;64.60000000000001
65.0;96.0;43.0;4.421000000000001;2.225;34.980000000000004;12.340000000000002;64.24000000000001
75.0;93.0;41.0;5.712999999999999;2.244;30.299999999999994;19.73;61.22000000000001
75.0;93.0;42.0;6.059;2.1950000000000003;31.25000000000001;19.61;59.78
75.0;93.0;43.0;6.166;2.1870000000000003;28.22000000000001;20.520000000000003;59.5
75.0;94.0;41.0;5.187;2.245;29.49;18.05;62.38999999999999
75.0;94.0;42.0;5.266;2.2430000000000003;33.79;16.690000000000005;62.10000000000001
75.0;94.0;43.0;5.2559999999999985;2.2310000000000003;35.11;16.55;61.88
75.0;95.0;41.0;4.550999999999998;2.291;33.79;14.349999999999998;64.79999999999998
75.0;95.0;42.0;4.590000000000002;2.277;31.39;14.699999999999998;64.52000000000001
75.0;95.0;43.0;4.6610000000000005;2.281;36.0;13.87;64.29999999999998
75.0;96.0;41.0;4.045;2.3400000000000003;36.01000000000001;11.61;67.29999999999998
75.0;96.0;42.0;4.058999999999998;2.322;34.580000000000005;12.249999999999998;67.06
75.0;96.0;43.0;4.136000000000001;2.309;35.67999999999999;12.32;66.79999999999998
85.0;93.0;41.0;5.428;2.2769999999999997;30.58;18.57;62.39999999999999
85.0;93.0;42.0;5.441;2.271;31.1;19.08;62.2
85.0;93.0;43.0;5.487;2.285;32.41;18.41;62.06
85.0;94.0;41.0;4.7860000000000005;2.3200000000000003;31.05;16.759999999999998;64.79999999999998
85.0;94.0;42.0;4.82;2.318;31.82;16.73;64.65
85.0;94.0;43.0;4.815;2.3070000000000004;33.129999999999995;16.39;64.5
85.0;95.0;41.0;4.221;2.371;33.75;13.98;67.30999999999999
85.0;95.0;42.0;4.283;2.361;32.660000000000004;14.32;67.15
85.0;95.0;43.0;4.274;2.3590000000000004;31.99;14.28;66.99
85.0;96.0;41.0;3.774;2.412;33.709999999999994;12.0;69.89999999999999
85.0;96.0;42.0;3.805;2.408;34.739999999999995;11.5;69.73
85.0;96.0;43.0;3.8110000000000004;2.406;35.92999999999999;11.72;69.58000000000001
95.0;93.0;41.0;4.94;2.3680000000000003;27.7;18.75;65.0
95.0;93.0;42.0;4.937;2.371;32.040000000000006;18.06;64.89999999999999
95.0;93.0;43.0;5.004;2.3640000000000003;29.68;18.47;64.85999999999999
95.0;94.0;41.0;4.417999999999998;2.4200000000000004;29.71;16.64;67.5
95.0;94.0;42.0;4.426;2.413;31.62;16.34;67.41
95.0;94.0;43.0;4.409000000000002;2.425;32.12;16.25;67.36999999999999
95.0;95.0;41.0;3.9350000000000014;2.4730000000000003;31.82;14.27;70.10000000000001
95.0;95.0;42.0;3.937;2.46;31.12;14.35;70.0
95.0;95.0;43.0;3.9389999999999996;2.4730000000000003;30.800000000000004;14.06;69.95
95.0;96.0;41.0;3.531;2.512;33.03;11.730000000000002;72.75
95.0;96.0;42.0;3.556;2.505;34.35;11.095999999999998;72.68
95.0;96.0;43.0;3.5480000000000005;2.509;34.55;11.502;72.62000000000002
5.0;93.0;48.0;23.32;1.755;36.02;23.25;43.39999999999999
5.0;94.0;48.0;16.639999999999993;1.783;37.19;20.44;45.3
5.0;95.0;48.0;12.54;1.8040000000000005;38.16;18.31;47.3
5.0;96.0;48.0;9.582000000000004;1.833;40.24;14.86;49.39999999999999
15.0;93.0;48.0;18.71;1.794;32.88;23.530000000000005;45.10000000000001
15.0;94.0;48.0;13.330000000000002;1.829;39.26;19.71;47.10000000000001
15.0;95.0;48.0;12.0;1.819;38.13;17.990000000000006;47.7
15.0;96.0;48.0;9.063999999999998;1.851;41.99;14.170000000000002;49.8
25.0;93.0;48.0;16.830000000000002;1.8119999999999998;34.77;22.88;45.60000000000001
25.0;94.0;48.0;12.710000000000004;1.8430000000000002;38.58;19.29;47.60000000000001
25.0;95.0;48.0;9.99;1.865;36.28;17.930000000000003;49.65
25.0;96.0;48.0;8.017999999999999;1.89;39.99;14.41;51.8
35.0;93.0;48.0;13.700000000000005;1.859;32.760000000000005;22.83;47.53
35.0;94.0;48.0;10.779999999999998;1.893;34.66;19.8;49.60000000000001
35.0;95.0;48.0;8.696000000000002;1.921;37.27;17.18;51.7
35.0;96.0;48.0;6.952999999999999;1.944;41.03;13.57;53.89999999999999
45.0;93.0;48.0;11.13;1.91;31.84;22.36;49.60000000000001
45.0;94.0;48.0;8.865;1.944;35.209999999999994;18.92;51.74
45.0;95.0;48.0;7.301;1.966;37.89;16.459999999999994;53.89999999999999
45.0;96.0;48.0;6.678;1.9650000000000003;39.21;13.73;54.7
55.0;93.0;48.0;9.36;1.9669999999999999;32.12;22.12;51.89999999999999
55.0;94.0;48.0;7.756;2.003;32.510000000000005;19.21;54.07000000000001
55.0;95.0;48.0;6.462999999999999;2.035;34.63;16.839999999999996;56.3
55.0;96.0;48.0;5.875;2.0289999999999995;37.8;13.37;57.10000000000001
65.0;93.0;48.0;8.076;2.037;34.52;20.02;54.36999999999999
65.0;94.0;48.0;6.7730000000000015;2.077;35.96;18.1;56.60000000000001
65.0;95.0;48.0;5.622000000000001;2.112;36.32999999999999;16.1;58.89999999999999
65.0;96.0;48.0;4.899;2.1420000000000003;38.14;12.6;61.25999999999999
75.0;93.0;48.0;6.892999999999999;2.112;31.00000000000001;20.640000000000004;57.01000000000001
75.0;94.0;48.0;5.864999999999998;2.155;32.34;17.74;59.3
75.0;95.0;48.0;5.0939999999999985;2.1959999999999997;34.93;15.16;61.7
75.0;96.0;48.0;4.421000000000001;2.2220000000000004;35.7;12.390000000000002;64.15
85.0;93.0;48.0;5.6549999999999985;2.238;31.16;19.419999999999995;61.3
85.0;94.0;48.0;5.234000000000001;2.233;31.040000000000006;17.519999999999996;62.34
85.0;95.0;48.0;4.6;2.301;33.72;14.61;64.79999999999998
85.0;96.0;48.0;4.0630000000000015;2.325;33.82;12.06;67.29999999999998
95.0;93.0;48.0;5.038;2.3600000000000003;28.62;19.130000000000006;64.5
95.0;94.0;48.0;4.446000000000001;2.396;31.14;16.359999999999996;67.03
95.0;95.0;48.0;4.008;2.45;32.7;14.100000000000005;69.61000000000001
95.0;96.0;48.0;3.5610000000000013;2.474;33.22000000000001;11.588;72.29999999999998
5.0;93.0;47.0;18.3;1.8010000000000002;36.04;22.700000000000006;45.2
5.0;94.0;47.0;13.28;1.829;40.29;19.09;47.2
5.0;95.0;47.0;10.528;1.856;38.01000000000001;17.59;49.3
5.0;96.0;47.0;9.089;1.851;40.59;14.32;49.96999999999999
15.0;93.0;47.0;17.41;1.8080000000000005;32.28;23.7;45.60000000000001
15.0;94.0;47.0;12.78;1.8370000000000004;38.19;19.62;47.60000000000001
15.0;95.0;47.0;9.949;1.868;37.64;17.330000000000005;49.67
15.0;96.0;47.0;7.749;1.8880000000000001;38.0;14.71;51.8
25.0;93.0;47.0;14.210000000000004;1.855;32.63;23.32;47.39999999999999
25.0;94.0;47.0;10.999999999999998;1.883;35.74;19.97;49.39999999999999
25.0;95.0;47.0;8.562000000000001;1.913;38.43;15.91;51.5
25.0;96.0;47.0;7.922999999999999;1.905;36.07;15.160000000000002;52.290000000000006
35.0;93.0;47.0;11.529999999999998;1.903;33.45;22.1;49.290000000000006
35.0;94.0;47.0;10.113;1.895;33.84;20.35;50.04
35.0;95.0;47.0;8.429;1.931;36.12;16.73;52.16
35.0;96.0;47.0;6.742999999999999;1.95;39.31;13.54;54.31
45.0;93.0;47.0;10.999999999999998;1.923;33.41;21.87;50.02
45.0;94.0;47.0;8.809999999999997;1.958;34.72;19.45;52.12000000000001
45.0;95.0;47.0;7.255;1.9810000000000003;36.36;16.56;54.3
45.0;96.0;47.0;6.047999999999999;2.016;39.15;12.85;56.58000000000001
55.0;93.0;47.0;9.055999999999996;1.982;32.6;21.71;52.23
55.0;94.0;47.0;7.644;2.01;33.209999999999994;19.02;54.39999999999999
55.0;95.0;47.0;6.2890000000000015;2.051;35.33000000000001;16.07;56.64
55.0;96.0;47.0;5.407000000000001;2.082;38.65;12.51;58.96
65.0;93.0;47.0;7.922000000000001;2.0449999999999995;31.77;20.790000000000006;54.62000000000001
65.0;94.0;47.0;6.597;2.085;34.11;18.32;56.89999999999999
65.0;95.0;47.0;5.614;2.1120000000000005;34.010000000000005;16.110000000000007;59.2
65.0;96.0;47.0;4.9129999999999985;2.1540000000000004;35.64;13.07;61.55
75.0;93.0;47.0;6.797000000000001;2.122;31.15;20.33;57.24999999999999
75.0;94.0;47.0;5.834999999999999;2.166;32.230000000000004;18.0;59.56
75.0;95.0;47.0;5.022;2.204;35.87999999999999;15.09;61.89999999999999
75.0;96.0;47.0;4.421;2.2380000000000004;34.09;12.79;64.38
85.0;93.0;47.0;5.607999999999999;2.253;31.770000000000003;18.81;61.39999999999999
85.0;94.0;47.0;4.952;2.29;32.27;16.9;63.86
85.0;95.0;47.0;4.57;2.2960000000000003;33.7;14.71;64.93999999999998
85.0;96.0;47.0;4.019;2.326;32.97;12.57;67.49
95.0;93.0;47.0;4.99;2.3520000000000003;28.67;18.69;64.58000000000001
95.0;94.0;47.0;4.447;2.399;30.420000000000005;16.54;67.10000000000001
95.0;95.0;47.0;3.948;2.447;33.77;13.81;69.70000000000002
95.0;96.0;47.0;3.5700000000000003;2.495;33.480000000000004;11.599999999999998;72.38
